{
"type": "FeatureCollection",
"name": "wa",
"features": [
{ "type": "Feature", "properties": { "row_number() OVER ()": 1 }, "geometry": { "type": "Polygon", "coordinates": [ [ [ 113.394175, -26.39303 ], [ 113.382303, -26.385244 ], [ 113.382563, -26.360994 ], [ 113.370693, -26.357564 ], [ 113.354662, -26.300853 ], [ 113.336382, -26.300353 ], [ 113.354172, -26.276373 ], [ 113.357451, -26.245352 ], [ 113.366341, -26.237572 ], [ 113.364601, -26.210722 ], [ 113.375871, -26.205202 ], [ 113.386501, -26.212652 ], [ 113.37851, -26.165042 ], [ 113.38054, -26.119591 ], [ 113.3873, -26.111471 ], [ 113.373429, -26.097131 ], [ 113.377939, -26.078641 ], [ 113.358699, -26.065091 ], [ 113.367579, -26.054151 ], [ 113.356979, -26.03327 ], [ 113.363739, -26.01748 ], [ 113.386319, -26.06082 ], [ 113.385559, -26.092181 ], [ 113.4003, -26.105721 ], [ 113.39672, -26.113951 ], [ 113.42917, -26.138551 ], [ 113.42442, -26.161001 ], [ 113.43693, -26.167541 ], [ 113.44468, -26.163261 ], [ 113.448311, -26.212552 ], [ 113.459571, -26.221802 ], [ 113.462211, -26.253382 ], [ 113.479871, -26.271092 ], [ 113.482772, -26.320722 ], [ 113.498812, -26.336053 ], [ 113.487802, -26.357043 ], [ 113.506592, -26.363913 ], [ 113.502232, -26.400233 ], [ 113.496452, -26.378133 ], [ 113.484682, -26.383553 ], [ 113.502253, -26.420313 ], [ 113.485333, -26.430584 ], [ 113.476963, -26.477054 ], [ 113.486493, -26.484834 ], [ 113.503293, -26.468814 ], [ 113.506003, -26.409143 ], [ 113.528272, -26.362212 ], [ 113.512462, -26.336502 ], [ 113.515962, -26.322062 ], [ 113.507072, -26.323982 ], [ 113.493912, -26.310342 ], [ 113.513692, -26.302102 ], [ 113.518311, -26.284501 ], [ 113.511541, -26.276831 ], [ 113.530451, -26.284381 ], [ 113.537211, -26.27952 ], [ 113.545491, -26.30275 ], [ 113.540512, -26.324751 ], [ 113.559482, -26.353482 ], [ 113.548712, -26.380912 ], [ 113.567072, -26.433343 ], [ 113.561713, -26.461323 ], [ 113.552323, -26.469113 ], [ 113.563013, -26.493923 ], [ 113.575554, -26.495823 ], [ 113.577194, -26.504623 ], [ 113.559825, -26.547154 ], [ 113.558225, -26.574004 ], [ 113.571785, -26.578164 ], [ 113.583745, -26.600184 ], [ 113.596295, -26.601934 ], [ 113.598086, -26.614194 ], [ 113.607105, -26.606204 ], [ 113.588235, -26.585584 ], [ 113.589205, -26.560214 ], [ 113.599215, -26.544634 ], [ 113.593394, -26.511933 ], [ 113.609824, -26.514733 ], [ 113.614084, -26.489423 ], [ 113.618465, -26.518418 ], [ 113.618064, -26.489683 ], [ 113.630553, -26.463272 ], [ 113.638153, -26.502853 ], [ 113.628695, -26.540193 ], [ 113.633505, -26.563643 ], [ 113.625615, -26.571213 ], [ 113.642026, -26.619454 ], [ 113.653905, -26.594623 ], [ 113.663695, -26.596193 ], [ 113.657086, -26.616164 ], [ 113.666416, -26.630354 ], [ 113.657807, -26.654165 ], [ 113.664009, -26.674456 ], [ 113.680928, -26.658415 ], [ 113.704918, -26.662085 ], [ 113.688937, -26.649034 ], [ 113.699957, -26.639314 ], [ 113.697557, -26.632554 ], [ 113.690737, -26.643904 ], [ 113.686397, -26.637874 ], [ 113.696146, -26.619244 ], [ 113.686806, -26.601673 ], [ 113.697006, -26.611464 ], [ 113.714186, -26.606803 ], [ 113.738446, -26.617583 ], [ 113.769357, -26.587282 ], [ 113.787617, -26.605053 ], [ 113.807717, -26.610972 ], [ 113.814227, -26.603852 ], [ 113.812366, -26.576002 ], [ 113.833105, -26.551251 ], [ 113.863654, -26.536721 ], [ 113.882864, -26.50847 ], [ 113.887384, -26.4497 ], [ 113.870232, -26.39134 ], [ 113.885442, -26.371449 ], [ 113.880661, -26.335378 ], [ 113.836641, -26.280818 ], [ 113.79775, -26.252269 ], [ 113.68805, -26.217539 ], [ 113.687479, -26.186189 ], [ 113.663129, -26.165389 ], [ 113.639458, -26.121969 ], [ 113.614819, -26.108689 ], [ 113.620809, -26.100899 ], [ 113.5803, -26.097219 ], [ 113.57354, -26.086279 ], [ 113.585899, -26.071049 ], [ 113.580019, -26.071839 ], [ 113.567249, -26.044329 ], [ 113.575338, -26.014548 ], [ 113.560576, -25.998749 ], [ 113.559108, -25.946398 ], [ 113.517617, -25.919578 ], [ 113.525307, -25.884177 ], [ 113.512917, -25.852117 ], [ 113.461056, -25.809357 ], [ 113.478696, -25.783337 ], [ 113.466285, -25.768077 ], [ 113.479255, -25.764046 ], [ 113.460525, -25.733766 ], [ 113.462295, -25.725766 ], [ 113.473245, -25.730526 ], [ 113.471405, -25.720146 ], [ 113.459465, -25.715606 ], [ 113.472435, -25.709316 ], [ 113.458624, -25.702856 ], [ 113.444665, -25.709476 ], [ 113.456855, -25.713116 ], [ 113.446485, -25.723016 ], [ 113.460265, -25.739746 ], [ 113.459475, -25.752606 ], [ 113.449625, -25.756417 ], [ 113.464335, -25.751146 ], [ 113.454205, -25.764887 ], [ 113.467135, -25.773837 ], [ 113.469346, -25.785457 ], [ 113.414475, -25.724737 ], [ 113.415234, -25.683786 ], [ 113.431983, -25.625725 ], [ 113.449083, -25.610885 ], [ 113.472752, -25.558264 ], [ 113.488952, -25.547814 ], [ 113.499732, -25.513773 ], [ 113.511082, -25.503303 ], [ 113.525233, -25.607794 ], [ 113.537754, -25.625765 ], [ 113.558634, -25.635505 ], [ 113.574684, -25.636894 ], [ 113.581314, -25.620774 ], [ 113.592765, -25.683625 ], [ 113.606655, -25.714325 ], [ 113.626415, -25.733535 ], [ 113.659025, -25.748575 ], [ 113.691116, -25.789215 ], [ 113.721766, -25.793645 ], [ 113.721717, -25.868086 ], [ 113.761857, -25.878595 ], [ 113.758477, -25.905095 ], [ 113.731638, -25.949526 ], [ 113.729936, -26.001947 ], [ 113.738917, -25.999667 ], [ 113.734327, -26.013658 ], [ 113.699924, -26.044962 ], [ 113.706085, -26.061982 ], [ 113.703642, -26.096375 ], [ 113.706197, -26.11239 ], [ 113.704968, -26.12356 ], [ 113.703554, -26.097609 ], [ 113.701118, -26.13191 ], [ 113.728259, -26.187239 ], [ 113.7249, -26.194689 ], [ 113.70321, -26.199769 ], [ 113.72102, -26.196729 ], [ 113.72818, -26.206749 ], [ 113.74232, -26.206839 ], [ 113.7528, -26.197909 ], [ 113.753519, -26.185049 ], [ 113.76222, -26.212209 ], [ 113.77399, -26.214889 ], [ 113.78998, -26.207408 ], [ 113.813279, -26.178818 ], [ 113.836409, -26.140187 ], [ 113.835199, -26.115607 ], [ 113.845569, -26.113657 ], [ 113.836329, -26.116727 ], [ 113.837649, -26.138657 ], [ 113.883738, -26.060216 ], [ 113.879018, -26.068116 ], [ 113.885248, -26.029306 ], [ 113.865247, -25.955965 ], [ 113.877217, -25.945125 ], [ 113.887457, -25.959105 ], [ 113.906417, -25.960115 ], [ 113.914427, -25.982435 ], [ 113.902487, -25.998745 ], [ 113.893518, -26.035146 ], [ 113.908458, -26.054496 ], [ 113.904588, -26.088906 ], [ 113.910849, -26.122376 ], [ 113.924519, -26.133386 ], [ 113.938879, -26.129846 ], [ 113.947559, -26.143006 ], [ 113.93431, -26.203947 ], [ 113.959511, -26.244227 ], [ 113.950481, -26.267597 ], [ 113.967251, -26.293926 ], [ 113.972862, -26.342507 ], [ 114.053862, -26.419217 ], [ 114.082562, -26.454547 ], [ 114.074362, -26.451227 ], [ 114.075132, -26.459277 ], [ 114.072592, -26.452337 ], [ 114.076792, -26.466587 ], [ 114.089562, -26.467617 ], [ 114.094812, -26.459327 ], [ 114.089562, -26.458487 ], [ 114.156462, -26.410107 ], [ 114.166352, -26.390016 ], [ 114.210282, -26.372056 ], [ 114.219851, -26.357256 ], [ 114.215901, -26.341546 ], [ 114.237651, -26.312765 ], [ 114.231651, -26.300875 ], [ 114.23798, -26.283905 ], [ 114.20403, -26.244795 ], [ 114.20553, -26.224064 ], [ 114.19189, -26.203644 ], [ 114.18829, -26.180263 ], [ 114.191179, -26.168333 ], [ 114.210679, -26.157803 ], [ 114.223509, -26.119022 ], [ 114.230689, -26.124612 ], [ 114.219899, -26.139513 ], [ 114.225349, -26.165043 ], [ 114.241339, -26.165863 ], [ 114.254709, -26.144892 ], [ 114.236019, -26.117782 ], [ 114.239278, -26.072702 ], [ 114.209147, -26.031612 ], [ 114.194667, -25.983571 ], [ 114.218447, -25.968891 ], [ 114.225667, -25.973651 ], [ 114.223607, -25.987401 ], [ 114.245047, -25.992551 ], [ 114.265307, -25.982131 ], [ 114.257567, -25.983341 ], [ 114.252867, -25.972951 ], [ 114.247036, -25.936501 ], [ 114.266835, -25.88774 ], [ 114.232095, -25.87567 ], [ 114.227045, -25.862 ], [ 114.205395, -25.85302 ], [ 114.198745, -25.83563 ], [ 114.167955, -25.81127 ], [ 114.175545, -25.81265 ], [ 114.172095, -25.80644 ], [ 114.134484, -25.778099 ], [ 114.132524, -25.772338 ], [ 114.146304, -25.780169 ], [ 114.119404, -25.755256 ], [ 114.114114, -25.743165 ], [ 114.122245, -25.735975 ], [ 114.113586, -25.725455 ], [ 114.119555, -25.728185 ], [ 114.091091, -25.696372 ], [ 114.035389, -25.662525 ], [ 114.048427, -25.667324 ], [ 114.019199, -25.624117 ], [ 114.01965, -25.632347 ], [ 114.004183, -25.618519 ], [ 114.01536, -25.620488 ], [ 113.990189, -25.58992 ], [ 113.982191, -25.560829 ], [ 113.99166, -25.57514 ], [ 113.99164, -25.56488 ], [ 113.954523, -25.493408 ], [ 113.93401, -25.475488 ], [ 113.93922, -25.470638 ], [ 113.939731, -25.480228 ], [ 113.94121, -25.473228 ], [ 113.948421, -25.477168 ], [ 113.944179, -25.458678 ], [ 113.90205, -25.410088 ], [ 113.9136, -25.413468 ], [ 113.90813, -25.406708 ], [ 113.91384, -25.400948 ], [ 113.891109, -25.372988 ], [ 113.896689, -25.357417 ], [ 113.891339, -25.337007 ], [ 113.856719, -25.292457 ], [ 113.868629, -25.299337 ], [ 113.864909, -25.287607 ], [ 113.871479, -25.290317 ], [ 113.842578, -25.264597 ], [ 113.842088, -25.255907 ], [ 113.848158, -25.256927 ], [ 113.839617, -25.216997 ], [ 113.817067, -25.173566 ], [ 113.802207, -25.157316 ], [ 113.739897, -25.127367 ], [ 113.712426, -25.103316 ], [ 113.665985, -25.022706 ], [ 113.664234, -24.958656 ], [ 113.679944, -24.932985 ], [ 113.691924, -24.928535 ], [ 113.677804, -24.924985 ], [ 113.665146, -24.895891 ], [ 113.652354, -24.905115 ], [ 113.651491, -24.897891 ], [ 113.65519, -24.882163 ], [ 113.644444, -24.878065 ], [ 113.666133, -24.861964 ], [ 113.706889, -24.850707 ], [ 113.676463, -24.848724 ], [ 113.646983, -24.864515 ], [ 113.617533, -24.858645 ], [ 113.615863, -24.844545 ], [ 113.620883, -24.831784 ], [ 113.620213, -24.849725 ], [ 113.632723, -24.797444 ], [ 113.623242, -24.746034 ], [ 113.489939, -24.575957 ], [ 113.427619, -24.515616 ], [ 113.419178, -24.491706 ], [ 113.406958, -24.484176 ], [ 113.399528, -24.411406 ], [ 113.406196, -24.303065 ], [ 113.390165, -24.223995 ], [ 113.409115, -24.223505 ], [ 113.443343, -24.181694 ], [ 113.442382, -24.136784 ], [ 113.419422, -24.090333 ], [ 113.428122, -24.080733 ], [ 113.422151, -24.042933 ], [ 113.429991, -24.032653 ], [ 113.446941, -24.032173 ], [ 113.4587, -24.013642 ], [ 113.470909, -23.966452 ], [ 113.464999, -23.925572 ], [ 113.470308, -23.898561 ], [ 113.513827, -23.84733 ], [ 113.520177, -23.797639 ], [ 113.531906, -23.774839 ], [ 113.567276, -23.752229 ], [ 113.591695, -23.698938 ], [ 113.596614, -23.663358 ], [ 113.614153, -23.646688 ], [ 113.613213, -23.630908 ], [ 113.636191, -23.618921 ], [ 113.650858, -23.599586 ], [ 113.70047, -23.575201 ], [ 113.72587, -23.545007 ], [ 113.75326, -23.528236 ], [ 113.778119, -23.478055 ], [ 113.783468, -23.416074 ], [ 113.776938, -23.378934 ], [ 113.788108, -23.365153 ], [ 113.794447, -23.296052 ], [ 113.770376, -23.217841 ], [ 113.774436, -23.194561 ], [ 113.763826, -23.177771 ], [ 113.770855, -23.13065 ], [ 113.760475, -23.1213 ], [ 113.789665, -23.10674 ], [ 113.812495, -23.082769 ], [ 113.829426, -23.030908 ], [ 113.829485, -22.994887 ], [ 113.819755, -22.977056 ], [ 113.826185, -22.956016 ], [ 113.816655, -22.906935 ], [ 113.801184, -22.886805 ], [ 113.793804, -22.842664 ], [ 113.755254, -22.756224 ], [ 113.709393, -22.715284 ], [ 113.677123, -22.723044 ], [ 113.670493, -22.717134 ], [ 113.686423, -22.664414 ], [ 113.668262, -22.628723 ], [ 113.673612, -22.596863 ], [ 113.654082, -22.578773 ], [ 113.665302, -22.550123 ], [ 113.693132, -22.540952 ], [ 113.713761, -22.517962 ], [ 113.707921, -22.496702 ], [ 113.722981, -22.496212 ], [ 113.737741, -22.471031 ], [ 113.74938, -22.408421 ], [ 113.76547, -22.38435 ], [ 113.78031, -22.37676 ], [ 113.820809, -22.305849 ], [ 113.866887, -22.151067 ], [ 113.933246, -21.998885 ], [ 113.933596, -21.973225 ], [ 113.963945, -21.938004 ], [ 113.995084, -21.875463 ], [ 114.023922, -21.851153 ], [ 114.072079, -21.827572 ], [ 114.078749, -21.815962 ], [ 114.10802, -21.803272 ], [ 114.131572, -21.805571 ], [ 114.165205, -21.785761 ], [ 114.191014, -21.814581 ], [ 114.148873, -21.866652 ], [ 114.138063, -21.957822 ], [ 114.080266, -22.154135 ], [ 114.084757, -22.191275 ], [ 114.133007, -22.261584 ], [ 114.123738, -22.279275 ], [ 114.126418, -22.313925 ], [ 114.117078, -22.314915 ], [ 114.115818, -22.331156 ], [ 114.149498, -22.301463 ], [ 114.178468, -22.305374 ], [ 114.178218, -22.353442 ], [ 114.135518, -22.393165 ], [ 114.140118, -22.398025 ], [ 114.129918, -22.399916 ], [ 114.147038, -22.396805 ], [ 114.140929, -22.409195 ], [ 114.128189, -22.407806 ], [ 114.122099, -22.415806 ], [ 114.128329, -22.441656 ], [ 114.121799, -22.472668 ], [ 114.13859, -22.497539 ], [ 114.135628, -22.500663 ], [ 114.14391, -22.506699 ], [ 114.14381, -22.538059 ], [ 114.15104, -22.517099 ], [ 114.1618, -22.534049 ], [ 114.16073, -22.523779 ], [ 114.1888, -22.520809 ], [ 114.21861, -22.497188 ], [ 114.21621, -22.486008 ], [ 114.23069, -22.473288 ], [ 114.22563, -22.457368 ], [ 114.24117, -22.459207 ], [ 114.28237, -22.433786 ], [ 114.31744, -22.440617 ], [ 114.32279, -22.503707 ], [ 114.32404, -22.479567 ], [ 114.32718, -22.489727 ], [ 114.33896, -22.492117 ], [ 114.34032, -22.516307 ], [ 114.34503, -22.490207 ], [ 114.35485, -22.500606 ], [ 114.35765, -22.494287 ], [ 114.35874, -22.503896 ], [ 114.36276, -22.492827 ], [ 114.36785, -22.500166 ], [ 114.37708, -22.498146 ], [ 114.36458, -22.490347 ], [ 114.38377, -22.490786 ], [ 114.37261, -22.483027 ], [ 114.38608, -22.484616 ], [ 114.37711, -22.476147 ], [ 114.38356, -22.464757 ], [ 114.40383, -22.469407 ], [ 114.39, -22.461037 ], [ 114.38031, -22.441277 ], [ 114.39298, -22.446257 ], [ 114.39173, -22.439037 ], [ 114.4053, -22.438947 ], [ 114.38627, -22.434067 ], [ 114.38604, -22.426617 ], [ 114.40788, -22.429237 ], [ 114.39236, -22.421547 ], [ 114.390439, -22.402587 ], [ 114.402089, -22.403047 ], [ 114.394809, -22.401687 ], [ 114.393369, -22.390967 ], [ 114.42333, -22.395737 ], [ 114.396409, -22.382957 ], [ 114.40129, -22.359597 ], [ 114.408706, -22.36145 ], [ 114.407, -22.350917 ], [ 114.42302, -22.351497 ], [ 114.44083, -22.367537 ], [ 114.44569, -22.363706 ], [ 114.4366, -22.357147 ], [ 114.45164, -22.362576 ], [ 114.4309, -22.351727 ], [ 114.44328, -22.342937 ], [ 114.42314, -22.345967 ], [ 114.40872, -22.331167 ], [ 114.41468, -22.316167 ], [ 114.42644, -22.319787 ], [ 114.41651, -22.310527 ], [ 114.423059, -22.300597 ], [ 114.439679, -22.303997 ], [ 114.43362, -22.294967 ], [ 114.46088, -22.329296 ], [ 114.449019, -22.300057 ], [ 114.46139, -22.292616 ], [ 114.43726, -22.289326 ], [ 114.42976, -22.275436 ], [ 114.43983, -22.264945 ], [ 114.46093, -22.271896 ], [ 114.45038, -22.259655 ], [ 114.47257, -22.264406 ], [ 114.44869, -22.253554 ], [ 114.44397, -22.242045 ], [ 114.454045, -22.244557 ], [ 114.45137, -22.238325 ], [ 114.463731, -22.244985 ], [ 114.458602, -22.245694 ], [ 114.48187, -22.251497 ], [ 114.45222, -22.235045 ], [ 114.4532, -22.207968 ], [ 114.46932, -22.217947 ], [ 114.46642, -22.204248 ], [ 114.47842, -22.204818 ], [ 114.48899, -22.219118 ], [ 114.500461, -22.220498 ], [ 114.47176, -22.190368 ], [ 114.481568, -22.18803 ], [ 114.4536, -22.166098 ], [ 114.45566, -22.159548 ], [ 114.48946, -22.157647 ], [ 114.49069, -22.171057 ], [ 114.49952, -22.162957 ], [ 114.50799, -22.183507 ], [ 114.50085, -22.150317 ], [ 114.50582, -22.158217 ], [ 114.50691, -22.152916 ], [ 114.5149, -22.156646 ], [ 114.50134, -22.129886 ], [ 114.519389, -22.123235 ], [ 114.526329, -22.141576 ], [ 114.518059, -22.105855 ], [ 114.527749, -22.101794 ], [ 114.531389, -22.095344 ], [ 114.525809, -22.100324 ], [ 114.523149, -22.093434 ], [ 114.535739, -22.078764 ], [ 114.520239, -22.082714 ], [ 114.517339, -22.066464 ], [ 114.542519, -22.060823 ], [ 114.551599, -22.066463 ], [ 114.547849, -22.052133 ], [ 114.558978, -22.020301 ], [ 114.574359, -22.043662 ], [ 114.564189, -22.026842 ], [ 114.575438, -22.015781 ], [ 114.570598, -22.001781 ], [ 114.585028, -21.99688 ], [ 114.589378, -22.019481 ], [ 114.586568, -22.003811 ], [ 114.601358, -21.98772 ], [ 114.605908, -22.00686 ], [ 114.604868, -21.98749 ], [ 114.615748, -21.97619 ], [ 114.612938, -21.96152 ], [ 114.626148, -21.97358 ], [ 114.615218, -21.947629 ], [ 114.637127, -21.944579 ], [ 114.619328, -21.944779 ], [ 114.621497, -21.935879 ], [ 114.639367, -21.917348 ], [ 114.651637, -21.922518 ], [ 114.664297, -21.910538 ], [ 114.647597, -21.919928 ], [ 114.642507, -21.909328 ], [ 114.648076, -21.844517 ], [ 114.675486, -21.827656 ], [ 114.686136, -21.832946 ], [ 114.693166, -21.839366 ], [ 114.685247, -21.867827 ], [ 114.697647, -21.843086 ], [ 114.693386, -21.830816 ], [ 114.683356, -21.828996 ], [ 114.698796, -21.813726 ], [ 114.720886, -21.798786 ], [ 114.778396, -21.790546 ], [ 114.857156, -21.734465 ], [ 114.860906, -21.738045 ], [ 114.858956, -21.732655 ], [ 114.903446, -21.705314 ], [ 114.914256, -21.688344 ], [ 114.936136, -21.690764 ], [ 114.973136, -21.669643 ], [ 114.988376, -21.673993 ], [ 114.972296, -21.670773 ], [ 114.945196, -21.690393 ], [ 114.958346, -21.686173 ], [ 114.962986, -21.692613 ], [ 114.963037, -21.68583 ], [ 114.958696, -21.683693 ], [ 114.966276, -21.677233 ], [ 114.973816, -21.681793 ], [ 114.967966, -21.675413 ], [ 114.974716, -21.671553 ], [ 114.984046, -21.679543 ], [ 115.029006, -21.684683 ], [ 115.016716, -21.692863 ], [ 115.026126, -21.688193 ], [ 115.027846, -21.694883 ], [ 115.029496, -21.686713 ], [ 115.040396, -21.692212 ], [ 115.037106, -21.684883 ], [ 115.043246, -21.682142 ], [ 115.030336, -21.685583 ], [ 115.054706, -21.677582 ], [ 115.055956, -21.686052 ], [ 115.057116, -21.675882 ], [ 115.108956, -21.631741 ], [ 115.131126, -21.644862 ], [ 115.131686, -21.659842 ], [ 115.142186, -21.659042 ], [ 115.132206, -21.644852 ], [ 115.160617, -21.626211 ], [ 115.176586, -21.636612 ], [ 115.161576, -21.625072 ], [ 115.178526, -21.611331 ], [ 115.194926, -21.628312 ], [ 115.193786, -21.620291 ], [ 115.210136, -21.627892 ], [ 115.186866, -21.612421 ], [ 115.211046, -21.597741 ], [ 115.219856, -21.616211 ], [ 115.219776, -21.602551 ], [ 115.234417, -21.596221 ], [ 115.229977, -21.592561 ], [ 115.242317, -21.576801 ], [ 115.252147, -21.585001 ], [ 115.243107, -21.587071 ], [ 115.245947, -21.595891 ], [ 115.244677, -21.588201 ], [ 115.298207, -21.594131 ], [ 115.327218, -21.5803 ], [ 115.328417, -21.58316 ], [ 115.331168, -21.57599 ], [ 115.381689, -21.54814 ], [ 115.399119, -21.556059 ], [ 115.401449, -21.547009 ], [ 115.418299, -21.539879 ], [ 115.414159, -21.534689 ], [ 115.381169, -21.543289 ], [ 115.404719, -21.528238 ], [ 115.416339, -21.532568 ], [ 115.408099, -21.527878 ], [ 115.412909, -21.524798 ], [ 115.433338, -21.529188 ], [ 115.428139, -21.545369 ], [ 115.436598, -21.530188 ], [ 115.435319, -21.542018 ], [ 115.440673, -21.53814 ], [ 115.439559, -21.538188 ], [ 115.438168, -21.529608 ], [ 115.457316, -21.508477 ], [ 115.458668, -21.527558 ], [ 115.443498, -21.532848 ], [ 115.4474, -21.53785 ], [ 115.444495, -21.537976 ], [ 115.446529, -21.543788 ], [ 115.448352, -21.539071 ], [ 115.45569, -21.548478 ], [ 115.456349, -21.539778 ], [ 115.445068, -21.532838 ], [ 115.459058, -21.531058 ], [ 115.46387, -21.547228 ], [ 115.460388, -21.531728 ], [ 115.467747, -21.514737 ], [ 115.476168, -21.527107 ], [ 115.47558, -21.547188 ], [ 115.477278, -21.530037 ], [ 115.491459, -21.537397 ], [ 115.49243, -21.545807 ], [ 115.498209, -21.536058 ], [ 115.493239, -21.534337 ], [ 115.493444, -21.52791 ], [ 115.492399, -21.534347 ], [ 115.480899, -21.530127 ], [ 115.475037, -21.505767 ], [ 115.496198, -21.510937 ], [ 115.495312, -21.516397 ], [ 115.499928, -21.508877 ], [ 115.510698, -21.509527 ], [ 115.510869, -21.524847 ], [ 115.520308, -21.509176 ], [ 115.495158, -21.501457 ], [ 115.491127, -21.495497 ], [ 115.494612, -21.492555 ], [ 115.492557, -21.492437 ], [ 115.492747, -21.485766 ], [ 115.506617, -21.477336 ], [ 115.516477, -21.483476 ], [ 115.528267, -21.464786 ], [ 115.515287, -21.481206 ], [ 115.508427, -21.475996 ], [ 115.526357, -21.459466 ], [ 115.506267, -21.474406 ], [ 115.509716, -21.457936 ], [ 115.516966, -21.454696 ], [ 115.518147, -21.461466 ], [ 115.518576, -21.446576 ], [ 115.549255, -21.434726 ], [ 115.558646, -21.437695 ], [ 115.565447, -21.457255 ], [ 115.561056, -21.438835 ], [ 115.571627, -21.448805 ], [ 115.563346, -21.438955 ], [ 115.572695, -21.427545 ], [ 115.562156, -21.435905 ], [ 115.550914, -21.413065 ], [ 115.583583, -21.384845 ], [ 115.591003, -21.397405 ], [ 115.580864, -21.401885 ], [ 115.585784, -21.406185 ], [ 115.592693, -21.397865 ], [ 115.597464, -21.410855 ], [ 115.593073, -21.391655 ], [ 115.609033, -21.382045 ], [ 115.602163, -21.379385 ], [ 115.595733, -21.389515 ], [ 115.588783, -21.379895 ], [ 115.605012, -21.361104 ], [ 115.617963, -21.377344 ], [ 115.619193, -21.366854 ], [ 115.608763, -21.356264 ], [ 115.621074, -21.351674 ], [ 115.627954, -21.363184 ], [ 115.637415, -21.345554 ], [ 115.627454, -21.354744 ], [ 115.618084, -21.345684 ], [ 115.640326, -21.327134 ], [ 115.652917, -21.346364 ], [ 115.648726, -21.337434 ], [ 115.662207, -21.342214 ], [ 115.649696, -21.336644 ], [ 115.668266, -21.333764 ], [ 115.648386, -21.331674 ], [ 115.652546, -21.315654 ], [ 115.683226, -21.319314 ], [ 115.678946, -21.309984 ], [ 115.703144, -21.279463 ], [ 115.705095, -21.299573 ], [ 115.716284, -21.276673 ], [ 115.719964, -21.288723 ], [ 115.735854, -21.283833 ], [ 115.737974, -21.274923 ], [ 115.744593, -21.278637 ], [ 115.744104, -21.277313 ], [ 115.756344, -21.253863 ], [ 115.752614, -21.284013 ], [ 115.762314, -21.271823 ], [ 115.770344, -21.284603 ], [ 115.761724, -21.268093 ], [ 115.769244, -21.267891 ], [ 115.767424, -21.254113 ], [ 115.783794, -21.256743 ], [ 115.779274, -21.288553 ], [ 115.787864, -21.265673 ], [ 115.794433, -21.262797 ], [ 115.787544, -21.251563 ], [ 115.791894, -21.246493 ], [ 115.804654, -21.245843 ], [ 115.816655, -21.265623 ], [ 115.808864, -21.248903 ], [ 115.831246, -21.251437 ], [ 115.819345, -21.247453 ], [ 115.829245, -21.239803 ], [ 115.830964, -21.225243 ], [ 115.844875, -21.227893 ], [ 115.833533, -21.205602 ], [ 115.850303, -21.191862 ], [ 115.856418, -21.194914 ], [ 115.854553, -21.176072 ], [ 115.869993, -21.157362 ], [ 115.876543, -21.164142 ], [ 115.869043, -21.151712 ], [ 115.877983, -21.135362 ], [ 115.887543, -21.138812 ], [ 115.881502, -21.121142 ], [ 115.893376, -21.117304 ], [ 115.889342, -21.112682 ], [ 115.918152, -21.078751 ], [ 115.925732, -21.077861 ], [ 115.923423, -21.093551 ], [ 115.917776, -21.093008 ], [ 115.923783, -21.095691 ], [ 115.927662, -21.077411 ], [ 115.989382, -21.040109 ], [ 116.069422, -21.017038 ], [ 116.097092, -21.000447 ], [ 116.093712, -21.024268 ], [ 116.105226, -21.037917 ], [ 116.095522, -21.024498 ], [ 116.103222, -21.001127 ], [ 116.130452, -20.997017 ], [ 116.146142, -21.012727 ], [ 116.140302, -20.991917 ], [ 116.164532, -20.968736 ], [ 116.176822, -20.977626 ], [ 116.188102, -20.967896 ], [ 116.189741, -20.901295 ], [ 116.226741, -20.883454 ], [ 116.210131, -20.888494 ], [ 116.214021, -20.879854 ], [ 116.207011, -20.889604 ], [ 116.19103, -20.888425 ], [ 116.20459, -20.833754 ], [ 116.236371, -20.860333 ], [ 116.256172, -20.857773 ], [ 116.241431, -20.865733 ], [ 116.246722, -20.865953 ], [ 116.241341, -20.876574 ], [ 116.252972, -20.866163 ], [ 116.259561, -20.867633 ], [ 116.255571, -20.880183 ], [ 116.272441, -20.868933 ], [ 116.28929, -20.877023 ], [ 116.286, -20.881323 ], [ 116.29734, -20.877113 ], [ 116.297932, -20.880271 ], [ 116.30263, -20.876313 ], [ 116.32903, -20.868003 ], [ 116.345391, -20.838822 ], [ 116.366911, -20.841922 ], [ 116.399031, -20.822181 ], [ 116.400171, -20.830301 ], [ 116.439771, -20.826671 ], [ 116.453791, -20.844471 ], [ 116.459009, -20.842679 ], [ 116.453162, -20.840171 ], [ 116.442401, -20.824181 ], [ 116.45945, -20.822651 ], [ 116.464803, -20.825627 ], [ 116.46686, -20.814951 ], [ 116.480531, -20.808011 ], [ 116.488152, -20.815441 ], [ 116.483151, -20.804281 ], [ 116.49242, -20.799511 ], [ 116.502271, -20.807821 ], [ 116.50065, -20.798501 ], [ 116.48929, -20.797171 ], [ 116.51378, -20.778531 ], [ 116.527729, -20.782771 ], [ 116.52783, -20.791521 ], [ 116.535647, -20.785559 ], [ 116.51339, -20.77176 ], [ 116.524128, -20.758061 ], [ 116.531508, -20.768751 ], [ 116.53525, -20.76739 ], [ 116.532098, -20.767851 ], [ 116.525909, -20.752861 ], [ 116.549777, -20.748361 ], [ 116.551857, -20.755011 ], [ 116.553368, -20.746431 ], [ 116.578324, -20.74169 ], [ 116.560572, -20.74681 ], [ 116.579184, -20.74519 ], [ 116.583064, -20.75172 ], [ 116.590204, -20.74042 ], [ 116.594494, -20.74467 ], [ 116.587394, -20.75242 ], [ 116.597554, -20.74567 ], [ 116.605204, -20.75382 ], [ 116.591744, -20.73451 ], [ 116.601645, -20.728406 ], [ 116.574794, -20.7311 ], [ 116.590744, -20.717199 ], [ 116.573714, -20.708299 ], [ 116.579034, -20.692129 ], [ 116.593494, -20.684569 ], [ 116.592914, -20.705949 ], [ 116.607454, -20.686469 ], [ 116.628384, -20.683609 ], [ 116.636794, -20.674709 ], [ 116.647994, -20.682339 ], [ 116.602277, -20.728017 ], [ 116.623084, -20.715189 ], [ 116.616084, -20.729109 ], [ 116.624034, -20.734039 ], [ 116.630624, -20.710729 ], [ 116.636114, -20.726199 ], [ 116.629904, -20.732089 ], [ 116.633662, -20.734922 ], [ 116.633634, -20.734839 ], [ 116.639594, -20.725949 ], [ 116.654034, -20.732319 ], [ 116.652501, -20.735413 ], [ 116.662944, -20.733249 ], [ 116.663774, -20.741369 ], [ 116.663514, -20.732049 ], [ 116.642074, -20.721939 ], [ 116.668238, -20.726694 ], [ 116.682624, -20.714229 ], [ 116.684744, -20.723029 ], [ 116.688884, -20.705779 ], [ 116.666704, -20.722209 ], [ 116.656594, -20.717859 ], [ 116.661214, -20.713889 ], [ 116.650224, -20.715859 ], [ 116.666794, -20.711709 ], [ 116.644934, -20.714529 ], [ 116.642474, -20.704719 ], [ 116.668054, -20.684839 ], [ 116.696484, -20.683088 ], [ 116.692134, -20.677608 ], [ 116.721668, -20.646594 ], [ 116.721658, -20.637941 ], [ 116.740594, -20.641238 ], [ 116.765153, -20.633147 ], [ 116.746393, -20.621328 ], [ 116.770663, -20.588797 ], [ 116.780043, -20.583177 ], [ 116.784493, -20.589277 ], [ 116.798162, -20.575437 ], [ 116.778143, -20.576797 ], [ 116.789782, -20.560137 ], [ 116.810581, -20.549857 ], [ 116.815071, -20.539557 ], [ 116.804531, -20.541537 ], [ 116.811161, -20.529187 ], [ 116.867491, -20.526156 ], [ 116.819793, -20.581637 ], [ 116.822893, -20.597997 ], [ 116.819273, -20.606307 ], [ 116.808093, -20.606417 ], [ 116.814903, -20.607177 ], [ 116.812813, -20.614757 ], [ 116.797913, -20.630087 ], [ 116.802423, -20.640447 ], [ 116.787262, -20.665297 ], [ 116.792573, -20.675388 ], [ 116.787843, -20.686928 ], [ 116.797442, -20.667567 ], [ 116.799803, -20.680658 ], [ 116.828193, -20.708718 ], [ 116.898773, -20.724107 ], [ 116.923653, -20.712327 ], [ 116.927533, -20.725087 ], [ 116.919903, -20.740687 ], [ 116.927913, -20.725687 ], [ 116.931653, -20.730926 ], [ 116.927073, -20.720087 ], [ 116.952673, -20.724336 ], [ 116.926423, -20.713207 ], [ 116.956812, -20.701226 ], [ 116.945572, -20.698196 ], [ 116.956322, -20.683326 ], [ 116.965442, -20.683266 ], [ 116.973632, -20.671016 ], [ 116.979252, -20.687446 ], [ 116.979152, -20.671095 ], [ 116.982442, -20.670807 ], [ 116.976262, -20.668966 ], [ 116.990212, -20.658155 ], [ 117.036232, -20.648204 ], [ 117.029502, -20.658244 ], [ 117.038022, -20.659494 ], [ 117.038802, -20.667574 ], [ 117.066372, -20.639543 ], [ 117.084502, -20.636063 ], [ 117.094351, -20.623993 ], [ 117.105332, -20.654783 ], [ 117.128192, -20.654393 ], [ 117.138272, -20.626753 ], [ 117.171421, -20.593562 ], [ 117.182811, -20.592332 ], [ 117.175851, -20.606112 ], [ 117.180651, -20.616122 ], [ 117.191201, -20.613342 ], [ 117.199223, -20.631731 ], [ 117.192972, -20.638582 ], [ 117.176194, -20.632304 ], [ 117.181592, -20.639662 ], [ 117.156852, -20.657153 ], [ 117.181362, -20.645062 ], [ 117.175908, -20.664591 ], [ 117.190092, -20.673322 ], [ 117.189132, -20.665082 ], [ 117.200422, -20.666552 ], [ 117.171942, -20.700593 ], [ 117.182642, -20.691842 ], [ 117.187154, -20.695515 ], [ 117.195172, -20.680332 ], [ 117.214452, -20.705982 ], [ 117.227292, -20.706772 ], [ 117.217282, -20.713322 ], [ 117.216423, -20.724842 ], [ 117.228972, -20.705532 ], [ 117.211932, -20.697732 ], [ 117.223092, -20.695142 ], [ 117.242282, -20.702532 ], [ 117.245012, -20.714202 ], [ 117.244762, -20.704312 ], [ 117.276731, -20.723394 ], [ 117.284682, -20.720252 ], [ 117.283923, -20.735322 ], [ 117.292012, -20.723622 ], [ 117.287933, -20.734912 ], [ 117.299922, -20.726502 ], [ 117.297992, -20.738032 ], [ 117.302672, -20.726802 ], [ 117.347532, -20.735652 ], [ 117.357832, -20.743033 ], [ 117.346672, -20.759303 ], [ 117.340148, -20.75911 ], [ 117.337302, -20.774213 ], [ 117.340472, -20.764283 ], [ 117.349652, -20.763033 ], [ 117.349702, -20.778983 ], [ 117.357872, -20.775772 ], [ 117.350712, -20.771633 ], [ 117.352302, -20.757123 ], [ 117.366722, -20.745742 ], [ 117.362752, -20.734332 ], [ 117.369832, -20.734222 ], [ 117.382811, -20.750712 ], [ 117.377051, -20.758842 ], [ 117.381762, -20.784363 ], [ 117.390151, -20.760982 ], [ 117.397962, -20.771023 ], [ 117.397352, -20.758832 ], [ 117.386081, -20.760442 ], [ 117.388341, -20.752732 ], [ 117.403842, -20.760062 ], [ 117.387441, -20.744782 ], [ 117.395171, -20.730592 ], [ 117.426992, -20.731132 ], [ 117.436492, -20.746492 ], [ 117.429782, -20.758012 ], [ 117.441062, -20.753602 ], [ 117.441422, -20.745352 ], [ 117.457401, -20.757222 ], [ 117.461121, -20.751662 ], [ 117.434562, -20.740502 ], [ 117.442572, -20.730602 ], [ 117.544521, -20.707741 ], [ 117.551302, -20.710321 ], [ 117.552551, -20.704001 ], [ 117.573301, -20.694031 ], [ 117.594911, -20.703641 ], [ 117.585011, -20.694171 ], [ 117.590691, -20.688011 ], [ 117.598871, -20.694771 ], [ 117.589961, -20.679771 ], [ 117.630731, -20.663771 ], [ 117.64833, -20.66199 ], [ 117.618871, -20.678851 ], [ 117.616571, -20.687271 ], [ 117.625961, -20.677101 ], [ 117.641691, -20.677981 ], [ 117.637162, -20.693351 ], [ 117.645072, -20.689441 ], [ 117.646552, -20.702141 ], [ 117.628292, -20.709091 ], [ 117.643982, -20.711651 ], [ 117.651362, -20.703931 ], [ 117.656312, -20.715471 ], [ 117.654322, -20.688911 ], [ 117.667362, -20.672281 ], [ 117.664152, -20.684141 ], [ 117.675362, -20.699031 ], [ 117.666782, -20.679391 ], [ 117.680432, -20.666601 ], [ 117.689442, -20.66872 ], [ 117.686822, -20.677311 ], [ 117.697292, -20.687 ], [ 117.688182, -20.691541 ], [ 117.700652, -20.68677 ], [ 117.704112, -20.69455 ], [ 117.713972, -20.68222 ], [ 117.736281, -20.67889 ], [ 117.737391, -20.68657 ], [ 117.739281, -20.67764 ], [ 117.746241, -20.68229 ], [ 117.747311, -20.67412 ], [ 117.769461, -20.66608 ], [ 117.770181, -20.67633 ], [ 117.774191, -20.67009 ], [ 117.793421, -20.6793 ], [ 117.809731, -20.67417 ], [ 117.794851, -20.67534 ], [ 117.774281, -20.66354 ], [ 117.782781, -20.65437 ], [ 117.794181, -20.65558 ], [ 117.814141, -20.63214 ], [ 117.85412, -20.606039 ], [ 117.86457, -20.607469 ], [ 117.859369, -20.597439 ], [ 117.867469, -20.581939 ], [ 117.897989, -20.585259 ], [ 117.884729, -20.578269 ], [ 117.891418, -20.573049 ], [ 117.878379, -20.581109 ], [ 117.871029, -20.571759 ], [ 117.881738, -20.551958 ], [ 117.895298, -20.551798 ], [ 117.890138, -20.558178 ], [ 117.903338, -20.553688 ], [ 117.900368, -20.561948 ], [ 117.915899, -20.567298 ], [ 117.912169, -20.576598 ], [ 117.920299, -20.566728 ], [ 117.930279, -20.570878 ], [ 117.914649, -20.562688 ], [ 117.924569, -20.561048 ], [ 117.912258, -20.555528 ], [ 117.919848, -20.543578 ], [ 117.941329, -20.546668 ], [ 117.943769, -20.556818 ], [ 117.934539, -20.558548 ], [ 117.941779, -20.566988 ], [ 117.949509, -20.551828 ], [ 117.945399, -20.546198 ], [ 117.957759, -20.547847 ], [ 117.960229, -20.561958 ], [ 117.959329, -20.549418 ], [ 117.970579, -20.544407 ], [ 117.975049, -20.550487 ], [ 117.972849, -20.541687 ], [ 117.964119, -20.546917 ], [ 117.970969, -20.525207 ], [ 117.959679, -20.546817 ], [ 117.942719, -20.536837 ], [ 117.959189, -20.517007 ], [ 117.948409, -20.519987 ], [ 117.951369, -20.511617 ], [ 117.961689, -20.506646 ], [ 117.949409, -20.510437 ], [ 117.942939, -20.530507 ], [ 117.931528, -20.526597 ], [ 117.942168, -20.510907 ], [ 117.940918, -20.479916 ], [ 117.965299, -20.491116 ], [ 117.952538, -20.479196 ], [ 117.992309, -20.472155 ], [ 118.017779, -20.458715 ], [ 118.050079, -20.422104 ], [ 118.103248, -20.394765 ], [ 118.109758, -20.401053 ], [ 118.110288, -20.387724 ], [ 118.160907, -20.357893 ], [ 118.181566, -20.336413 ], [ 118.196726, -20.337923 ], [ 118.200207, -20.360063 ], [ 118.184787, -20.345573 ], [ 118.172967, -20.350943 ], [ 118.172297, -20.359123 ], [ 118.182097, -20.355983 ], [ 118.175987, -20.354883 ], [ 118.183717, -20.346713 ], [ 118.184127, -20.356003 ], [ 118.199827, -20.368943 ], [ 118.180077, -20.358133 ], [ 118.198227, -20.369453 ], [ 118.169527, -20.368983 ], [ 118.165128, -20.382943 ], [ 118.205457, -20.376413 ], [ 118.196158, -20.403754 ], [ 118.213937, -20.373203 ], [ 118.224707, -20.370553 ], [ 118.215487, -20.370943 ], [ 118.232717, -20.368144 ], [ 118.240166, -20.371944 ], [ 118.235996, -20.375234 ], [ 118.244226, -20.369774 ], [ 118.257216, -20.377723 ], [ 118.257336, -20.358853 ], [ 118.281016, -20.353423 ], [ 118.283496, -20.367413 ], [ 118.297766, -20.351633 ], [ 118.308396, -20.364343 ], [ 118.314806, -20.356053 ], [ 118.318336, -20.365403 ], [ 118.315396, -20.354693 ], [ 118.288766, -20.348633 ], [ 118.346126, -20.329892 ], [ 118.353606, -20.355253 ], [ 118.344056, -20.360053 ], [ 118.359136, -20.358723 ], [ 118.363596, -20.373963 ], [ 118.368666, -20.351432 ], [ 118.379196, -20.369622 ], [ 118.379086, -20.351372 ], [ 118.400626, -20.348642 ], [ 118.409436, -20.358522 ], [ 118.403846, -20.364302 ], [ 118.411626, -20.361082 ], [ 118.408896, -20.349152 ], [ 118.416856, -20.339562 ], [ 118.439586, -20.338452 ], [ 118.428016, -20.344722 ], [ 118.450305, -20.346742 ], [ 118.448915, -20.337152 ], [ 118.455845, -20.335072 ], [ 118.477516, -20.349491 ], [ 118.493035, -20.343631 ], [ 118.489266, -20.350991 ], [ 118.495915, -20.343641 ], [ 118.479395, -20.329151 ], [ 118.487515, -20.325971 ], [ 118.494955, -20.328141 ], [ 118.486585, -20.330461 ], [ 118.491045, -20.334271 ], [ 118.510725, -20.330641 ], [ 118.506386, -20.348781 ], [ 118.517905, -20.330811 ], [ 118.506205, -20.327661 ], [ 118.536745, -20.311651 ], [ 118.539555, -20.319231 ], [ 118.530895, -20.323911 ], [ 118.541859, -20.329756 ], [ 118.540485, -20.321721 ], [ 118.548125, -20.310611 ], [ 118.557315, -20.31361 ], [ 118.547335, -20.304851 ], [ 118.526265, -20.305361 ], [ 118.561962, -20.294396 ], [ 118.573745, -20.3016 ], [ 118.563712, -20.310819 ], [ 118.570425, -20.32014 ], [ 118.565445, -20.31805 ], [ 118.566425, -20.32576 ], [ 118.558485, -20.316671 ], [ 118.563285, -20.329571 ], [ 118.552016, -20.346311 ], [ 118.556246, -20.349761 ], [ 118.574425, -20.32796 ], [ 118.571295, -20.345211 ], [ 118.576025, -20.33779 ], [ 118.578566, -20.357681 ], [ 118.580215, -20.33726 ], [ 118.595936, -20.35449 ], [ 118.596675, -20.34494 ], [ 118.603086, -20.35154 ], [ 118.612845, -20.34755 ], [ 118.602866, -20.34905 ], [ 118.587415, -20.33539 ], [ 118.605635, -20.33124 ], [ 118.617285, -20.34243 ], [ 118.608505, -20.3316 ], [ 118.629555, -20.33437 ], [ 118.606775, -20.32459 ], [ 118.591765, -20.32967 ], [ 118.573033, -20.316187 ], [ 118.591016, -20.308092 ], [ 118.597995, -20.286556 ], [ 118.59819, -20.308261 ], [ 118.640369, -20.298496 ], [ 118.64181, -20.312455 ], [ 118.667325, -20.325349 ], [ 118.655135, -20.33112 ], [ 118.674455, -20.33228 ], [ 118.665685, -20.34286 ], [ 118.678345, -20.340319 ], [ 118.678655, -20.330279 ], [ 118.687325, -20.327159 ], [ 118.676765, -20.326659 ], [ 118.690255, -20.315799 ], [ 118.768224, -20.281728 ], [ 118.797844, -20.278908 ], [ 118.805914, -20.288098 ], [ 118.805964, -20.281098 ], [ 118.820704, -20.278028 ], [ 118.820874, -20.287848 ], [ 118.822624, -20.276008 ], [ 118.845254, -20.286293 ], [ 118.827794, -20.272658 ], [ 118.832404, -20.262298 ], [ 118.847263, -20.262328 ], [ 118.829794, -20.258898 ], [ 118.842063, -20.230647 ], [ 118.851303, -20.225507 ], [ 118.874524, -20.242347 ], [ 118.869544, -20.253377 ], [ 118.882655, -20.261126 ], [ 118.871454, -20.253727 ], [ 118.878214, -20.242516 ], [ 118.860273, -20.225447 ], [ 118.896502, -20.167756 ], [ 118.959141, -20.127025 ], [ 118.99383, -20.035794 ], [ 119.068349, -20.015393 ], [ 119.093699, -19.988453 ], [ 119.088349, -19.970373 ], [ 119.099709, -19.959323 ], [ 119.14709, -19.978573 ], [ 119.16063, -20.012123 ], [ 119.15868, -20.004063 ], [ 119.16842, -20.015163 ], [ 119.20707, -20.023673 ], [ 119.21056, -20.017253 ], [ 119.17215, -20.007733 ], [ 119.17159, -19.956573 ], [ 119.218269, -19.953213 ], [ 119.238089, -19.961353 ], [ 119.239959, -19.971703 ], [ 119.248449, -19.970593 ], [ 119.241549, -19.971063 ], [ 119.242619, -19.964513 ], [ 119.32078, -19.990369 ], [ 119.373371, -19.991488 ], [ 119.38125, -19.996448 ], [ 119.371671, -20.008108 ], [ 119.415161, -19.994507 ], [ 119.443042, -20.017226 ], [ 119.466093, -20.013336 ], [ 119.471004, -20.005676 ], [ 119.512931, -20.046507 ], [ 119.569839, -20.070986 ], [ 119.572449, -20.077196 ], [ 119.562789, -20.078977 ], [ 119.569339, -20.080347 ], [ 119.655498, -20.046535 ], [ 119.673188, -20.032005 ], [ 119.680508, -20.003815 ], [ 119.700867, -19.995104 ], [ 119.709368, -20.021334 ], [ 119.696675, -20.03502 ], [ 119.704818, -20.037234 ], [ 119.702678, -20.029904 ], [ 119.714498, -20.022464 ], [ 119.724888, -20.026204 ], [ 119.733008, -20.013354 ], [ 119.745323, -20.01106 ], [ 119.741138, -20.005914 ], [ 119.746508, -20.003214 ], [ 119.741308, -19.984394 ], [ 119.752745, -19.983716 ], [ 119.730067, -19.976184 ], [ 119.757368, -19.963594 ], [ 119.755358, -19.971724 ], [ 119.765198, -19.976433 ], [ 119.772538, -19.969753 ], [ 119.764148, -19.955563 ], [ 119.791508, -19.968123 ], [ 119.787758, -19.973303 ], [ 119.861547, -19.962162 ], [ 119.866227, -19.969592 ], [ 119.884437, -19.955312 ], [ 119.972766, -19.933001 ], [ 120.081236, -19.926479 ], [ 120.087397, -19.925279 ], [ 120.080296, -19.921249 ], [ 120.133206, -19.912429 ], [ 120.195936, -19.913908 ], [ 120.631003, -19.770045 ], [ 120.981888, -19.621038 ], [ 121.113922, -19.538571 ], [ 121.210132, -19.466302 ], [ 121.333221, -19.341653 ], [ 121.412999, -19.237982 ], [ 121.511139, -19.093872 ], [ 121.525358, -19.053121 ], [ 121.518018, -19.042821 ], [ 121.540748, -19.021291 ], [ 121.564597, -18.96926 ], [ 121.553177, -18.94346 ], [ 121.578207, -18.95089 ], [ 121.600087, -18.940679 ], [ 121.575957, -18.94738 ], [ 121.600707, -18.903179 ], [ 121.602727, -18.869179 ], [ 121.618176, -18.864369 ], [ 121.628106, -18.841579 ], [ 121.637696, -18.847709 ], [ 121.631316, -18.840009 ], [ 121.642666, -18.818009 ], [ 121.651446, -18.819059 ], [ 121.653186, -18.835929 ], [ 121.654906, -18.813189 ], [ 121.645466, -18.79588 ], [ 121.655526, -18.767209 ], [ 121.634496, -18.743309 ], [ 121.619796, -18.742019 ], [ 121.618145, -18.706309 ], [ 121.628835, -18.700249 ], [ 121.630775, -18.721939 ], [ 121.635465, -18.704219 ], [ 121.639355, -18.709989 ], [ 121.657264, -18.707108 ], [ 121.665014, -18.720258 ], [ 121.681173, -18.720618 ], [ 121.677753, -18.715638 ], [ 121.698082, -18.698637 ], [ 121.717273, -18.706368 ], [ 121.737335, -18.696819 ], [ 121.741115, -18.704738 ], [ 121.751867, -18.674829 ], [ 121.766926, -18.673049 ], [ 121.786896, -18.653888 ], [ 121.788186, -18.660788 ], [ 121.793046, -18.657178 ], [ 121.783805, -18.610838 ], [ 121.790825, -18.609258 ], [ 121.729385, -18.575678 ], [ 121.764754, -18.552828 ], [ 121.790934, -18.503848 ], [ 121.798384, -18.509858 ], [ 121.795278, -18.518299 ], [ 121.817024, -18.491818 ], [ 121.810174, -18.481068 ], [ 121.803245, -18.508058 ], [ 121.788974, -18.484188 ], [ 121.815214, -18.451138 ], [ 121.839983, -18.443727 ], [ 121.851664, -18.461707 ], [ 121.872013, -18.471687 ], [ 121.903643, -18.464057 ], [ 121.946672, -18.439267 ], [ 121.982593, -18.404847 ], [ 122.017415, -18.390527 ], [ 122.063513, -18.325816 ], [ 122.083382, -18.327636 ], [ 122.130022, -18.307426 ], [ 122.166232, -18.266645 ], [ 122.168122, -18.273425 ], [ 122.177943, -18.266075 ], [ 122.172143, -18.262915 ], [ 122.183033, -18.239416 ], [ 122.198293, -18.230706 ], [ 122.201603, -18.235346 ], [ 122.190603, -18.241216 ], [ 122.200653, -18.237606 ], [ 122.199113, -18.243136 ], [ 122.185043, -18.247885 ], [ 122.199823, -18.249696 ], [ 122.212013, -18.228566 ], [ 122.204913, -18.217376 ], [ 122.214613, -18.204036 ], [ 122.315051, -18.172326 ], [ 122.370266, -18.116445 ], [ 122.380958, -18.070664 ], [ 122.372597, -17.993713 ], [ 122.378069, -17.989814 ], [ 122.351888, -17.975223 ], [ 122.335949, -17.979884 ], [ 122.301692, -17.973614 ], [ 122.250641, -17.952334 ], [ 122.210771, -17.989225 ], [ 122.207141, -18.008875 ], [ 122.175331, -17.974005 ], [ 122.189731, -17.970715 ], [ 122.204931, -17.945275 ], [ 122.21287, -17.873734 ], [ 122.1987, -17.774314 ], [ 122.199649, -17.684823 ], [ 122.187585, -17.665576 ], [ 122.184069, -17.667663 ], [ 122.172549, -17.601233 ], [ 122.145169, -17.560353 ], [ 122.150017, -17.355372 ], [ 122.162007, -17.341572 ], [ 122.173206, -17.263592 ], [ 122.187296, -17.240411 ], [ 122.201656, -17.245921 ], [ 122.211056, -17.240371 ], [ 122.214916, -17.228171 ], [ 122.204706, -17.240381 ], [ 122.206566, -17.229191 ], [ 122.226375, -17.186451 ], [ 122.234365, -17.181021 ], [ 122.225685, -17.192331 ], [ 122.229335, -17.198201 ], [ 122.234025, -17.185761 ], [ 122.243095, -17.196031 ], [ 122.239425, -17.184171 ], [ 122.247055, -17.173311 ], [ 122.241045, -17.169251 ], [ 122.251615, -17.1576 ], [ 122.258775, -17.15566 ], [ 122.246565, -17.163931 ], [ 122.257395, -17.169 ], [ 122.254905, -17.16064 ], [ 122.274645, -17.15044 ], [ 122.279825, -17.15744 ], [ 122.282035, -17.14512 ], [ 122.318985, -17.15895 ], [ 122.317205, -17.15127 ], [ 122.288145, -17.13957 ], [ 122.313526, -17.136127 ], [ 122.317864, -17.12968 ], [ 122.311984, -17.12709 ], [ 122.292595, -17.13029 ], [ 122.293266, -17.119348 ], [ 122.267215, -17.13701 ], [ 122.253805, -17.13172 ], [ 122.253195, -17.11985 ], [ 122.295524, -17.06723 ], [ 122.351043, -17.036949 ], [ 122.369773, -17.008089 ], [ 122.366353, -16.997639 ], [ 122.469652, -16.936298 ], [ 122.460552, -16.956878 ], [ 122.440732, -16.967098 ], [ 122.447202, -16.969788 ], [ 122.443472, -16.980528 ], [ 122.431033, -16.983388 ], [ 122.444433, -16.987758 ], [ 122.467632, -16.968838 ], [ 122.461432, -16.977778 ], [ 122.468742, -16.986348 ], [ 122.472122, -16.976958 ], [ 122.481052, -16.981348 ], [ 122.475032, -16.968148 ], [ 122.485552, -16.951627 ], [ 122.476882, -16.957178 ], [ 122.485512, -16.937277 ], [ 122.476892, -16.921707 ], [ 122.480221, -16.894587 ], [ 122.489682, -16.918507 ], [ 122.503291, -16.915987 ], [ 122.503082, -16.923677 ], [ 122.519782, -16.933687 ], [ 122.507952, -16.954367 ], [ 122.527572, -16.947677 ], [ 122.554002, -16.962397 ], [ 122.572342, -16.955677 ], [ 122.587612, -16.957217 ], [ 122.602102, -16.971297 ], [ 122.612161, -16.965257 ], [ 122.595622, -16.964307 ], [ 122.591361, -16.954947 ], [ 122.597471, -16.954927 ], [ 122.585581, -16.948077 ], [ 122.582201, -16.933217 ], [ 122.570371, -16.929367 ], [ 122.569461, -16.903267 ], [ 122.556531, -16.896417 ], [ 122.551491, -16.864457 ], [ 122.543501, -16.861427 ], [ 122.533801, -16.836947 ], [ 122.54935, -16.819836 ], [ 122.55104, -16.834526 ], [ 122.56055, -16.835516 ], [ 122.55114, -16.828876 ], [ 122.56429, -16.829286 ], [ 122.56537, -16.837986 ], [ 122.56781, -16.829056 ], [ 122.57123, -16.836156 ], [ 122.5713, -16.822606 ], [ 122.55329, -16.805366 ], [ 122.57411, -16.785766 ], [ 122.57749, -16.777286 ], [ 122.56949, -16.771426 ], [ 122.57943, -16.762136 ], [ 122.609939, -16.765655 ], [ 122.62014, -16.794666 ], [ 122.63741, -16.800705 ], [ 122.693508, -16.777244 ], [ 122.706578, -16.787474 ], [ 122.734458, -16.777653 ], [ 122.757428, -16.746053 ], [ 122.764968, -16.752013 ], [ 122.742698, -16.772203 ], [ 122.761948, -16.765513 ], [ 122.766738, -16.754373 ], [ 122.771638, -16.761563 ], [ 122.769657, -16.752673 ], [ 122.777207, -16.760883 ], [ 122.773527, -16.751413 ], [ 122.788947, -16.763552 ], [ 122.786637, -16.771692 ], [ 122.792097, -16.760602 ], [ 122.781597, -16.747423 ], [ 122.803017, -16.762142 ], [ 122.800607, -16.767022 ], [ 122.810187, -16.766172 ], [ 122.809847, -16.774302 ], [ 122.813617, -16.770112 ], [ 122.845567, -16.792031 ], [ 122.827587, -16.773562 ], [ 122.833417, -16.772412 ], [ 122.823467, -16.769852 ], [ 122.833387, -16.758282 ], [ 122.821407, -16.756982 ], [ 122.838417, -16.744482 ], [ 122.810017, -16.752842 ], [ 122.790807, -16.733722 ], [ 122.775687, -16.735473 ], [ 122.773087, -16.704523 ], [ 122.785297, -16.704153 ], [ 122.784137, -16.695973 ], [ 122.773757, -16.694013 ], [ 122.762787, -16.710333 ], [ 122.743868, -16.700123 ], [ 122.741798, -16.683403 ], [ 122.771107, -16.628613 ], [ 122.778997, -16.584943 ], [ 122.771287, -16.590313 ], [ 122.810106, -16.545303 ], [ 122.817926, -16.539172 ], [ 122.794756, -16.571693 ], [ 122.811576, -16.558293 ], [ 122.833406, -16.560702 ], [ 122.816486, -16.556122 ], [ 122.847726, -16.546502 ], [ 122.861415, -16.519102 ], [ 122.884225, -16.530251 ], [ 122.861255, -16.509952 ], [ 122.853885, -16.512692 ], [ 122.863075, -16.499102 ], [ 122.867225, -16.509362 ], [ 122.884095, -16.508041 ], [ 122.904375, -16.488521 ], [ 122.905705, -16.473601 ], [ 122.895845, -16.468221 ], [ 122.898075, -16.447201 ], [ 122.901774, -16.436671 ], [ 122.911494, -16.437081 ], [ 122.901524, -16.434981 ], [ 122.925294, -16.389451 ], [ 122.955224, -16.401741 ], [ 122.987654, -16.3809 ], [ 122.992024, -16.38755 ], [ 122.982414, -16.4059 ], [ 122.993694, -16.39341 ], [ 122.991634, -16.38009 ], [ 123.038893, -16.35921 ], [ 123.020273, -16.37821 ], [ 123.034123, -16.38561 ], [ 123.034884, -16.4002 ], [ 123.014754, -16.40577 ], [ 123.023984, -16.41997 ], [ 123.034054, -16.42076 ], [ 123.031004, -16.43056 ], [ 123.043074, -16.43986 ], [ 123.076683, -16.440339 ], [ 123.047244, -16.462969 ], [ 123.045014, -16.473789 ], [ 123.042844, -16.458959 ], [ 123.023824, -16.4627 ], [ 123.015404, -16.45175 ], [ 122.982984, -16.46513 ], [ 122.979094, -16.47709 ], [ 122.995694, -16.47757 ], [ 122.997494, -16.48581 ], [ 122.971064, -16.51611 ], [ 123.006694, -16.5222 ], [ 123.008024, -16.528429 ], [ 122.989784, -16.53251 ], [ 122.981074, -16.55246 ], [ 122.985014, -16.55875 ], [ 122.968734, -16.56188 ], [ 122.954425, -16.58014 ], [ 122.960695, -16.59061 ], [ 122.984734, -16.59309 ], [ 122.986564, -16.607089 ], [ 122.996504, -16.601849 ], [ 122.988314, -16.625609 ], [ 122.995744, -16.640849 ], [ 123.023274, -16.604569 ], [ 123.027104, -16.617049 ], [ 123.038664, -16.621359 ], [ 123.036184, -16.671528 ], [ 123.050614, -16.690788 ], [ 123.078734, -16.693248 ], [ 123.083754, -16.664818 ], [ 123.084883, -16.698287 ], [ 123.094023, -16.709127 ], [ 123.126613, -16.711067 ], [ 123.138833, -16.688477 ], [ 123.145053, -16.708437 ], [ 123.132633, -16.738037 ], [ 123.118743, -16.731557 ], [ 123.103453, -16.745297 ], [ 123.107823, -16.772587 ], [ 123.102533, -16.783717 ], [ 123.110683, -16.779057 ], [ 123.109923, -16.794197 ], [ 123.119853, -16.787297 ], [ 123.134833, -16.790736 ], [ 123.156963, -16.805666 ], [ 123.161403, -16.817926 ], [ 123.162123, -16.846646 ], [ 123.173493, -16.858976 ], [ 123.163393, -16.858986 ], [ 123.153544, -16.878438 ], [ 123.149104, -16.924718 ], [ 123.168634, -16.924948 ], [ 123.234835, -16.969948 ], [ 123.263354, -17.011833 ], [ 123.278176, -17.035544 ], [ 123.290602, -17.107721 ], [ 123.344578, -17.162732 ], [ 123.383408, -17.240033 ], [ 123.394348, -17.280663 ], [ 123.392728, -17.316253 ], [ 123.405198, -17.327513 ], [ 123.425168, -17.325463 ], [ 123.442709, -17.345443 ], [ 123.459279, -17.350613 ], [ 123.48328, -17.397063 ], [ 123.51426, -17.418462 ], [ 123.51229, -17.435522 ], [ 123.51479, -17.429542 ], [ 123.51557, -17.437172 ], [ 123.52419, -17.433202 ], [ 123.52315, -17.452292 ], [ 123.53751, -17.454392 ], [ 123.533859, -17.481901 ], [ 123.540999, -17.463792 ], [ 123.545209, -17.469231 ], [ 123.543548, -17.501081 ], [ 123.562707, -17.503891 ], [ 123.576869, -17.523841 ], [ 123.57239, -17.555842 ], [ 123.58035, -17.584192 ], [ 123.59314, -17.573752 ], [ 123.58993, -17.552611 ], [ 123.59705, -17.542691 ], [ 123.591339, -17.529441 ], [ 123.600118, -17.515581 ], [ 123.579648, -17.483621 ], [ 123.582759, -17.424752 ], [ 123.564479, -17.405802 ], [ 123.580988, -17.350152 ], [ 123.593778, -17.361531 ], [ 123.602928, -17.339401 ], [ 123.623806, -17.198661 ], [ 123.641706, -17.193651 ], [ 123.646226, -17.183951 ], [ 123.608086, -17.139381 ], [ 123.590635, -17.100991 ], [ 123.583544, -17.03326 ], [ 123.600693, -17.010619 ], [ 123.647972, -16.999738 ], [ 123.659322, -17.010179 ], [ 123.660033, -17.039649 ], [ 123.679143, -17.045069 ], [ 123.680253, -17.059229 ], [ 123.689193, -17.060029 ], [ 123.704423, -17.042679 ], [ 123.740863, -17.068349 ], [ 123.761123, -17.087749 ], [ 123.773073, -17.129039 ], [ 123.786093, -17.138809 ], [ 123.789214, -17.152289 ], [ 123.829924, -17.178389 ], [ 123.836234, -17.191629 ], [ 123.851974, -17.195409 ], [ 123.862494, -17.216569 ], [ 123.888704, -17.221728 ], [ 123.912493, -17.211858 ], [ 123.914863, -17.205648 ], [ 123.887704, -17.202518 ], [ 123.885523, -17.186579 ], [ 123.829603, -17.134649 ], [ 123.834243, -17.118049 ], [ 123.796449, -17.004007 ], [ 123.820389, -16.997896 ], [ 123.802559, -16.986377 ], [ 123.82687, -16.957277 ], [ 123.894389, -16.907427 ], [ 123.902589, -16.887496 ], [ 123.915838, -16.886506 ], [ 123.928378, -16.871306 ], [ 123.951508, -16.867516 ], [ 123.959268, -16.852416 ], [ 123.949288, -16.836416 ], [ 123.951418, -16.818116 ], [ 123.942228, -16.822806 ], [ 123.942128, -16.852076 ], [ 123.920968, -16.852076 ], [ 123.903628, -16.863777 ], [ 123.893328, -16.857227 ], [ 123.883959, -16.877897 ], [ 123.79612, -16.911838 ], [ 123.760959, -16.875858 ], [ 123.758339, -16.837748 ], [ 123.717589, -16.784868 ], [ 123.711529, -16.752718 ], [ 123.681509, -16.751687 ], [ 123.61776, -16.679497 ], [ 123.59994, -16.679007 ], [ 123.58761, -16.667597 ], [ 123.57138, -16.672767 ], [ 123.552161, -16.659717 ], [ 123.523001, -16.667826 ], [ 123.502801, -16.658826 ], [ 123.520551, -16.650066 ], [ 123.506591, -16.643146 ], [ 123.573871, -16.625236 ], [ 123.555651, -16.612606 ], [ 123.572451, -16.608006 ], [ 123.563031, -16.600806 ], [ 123.563381, -16.588255 ], [ 123.581141, -16.594516 ], [ 123.588392, -16.582825 ], [ 123.602002, -16.582145 ], [ 123.589242, -16.567454 ], [ 123.619432, -16.573783 ], [ 123.615142, -16.554332 ], [ 123.588582, -16.538302 ], [ 123.578622, -16.549843 ], [ 123.526052, -16.544414 ], [ 123.520752, -16.548174 ], [ 123.533852, -16.550474 ], [ 123.542202, -16.572025 ], [ 123.517742, -16.566135 ], [ 123.511602, -16.597756 ], [ 123.494272, -16.570805 ], [ 123.498082, -16.565075 ], [ 123.513442, -16.568415 ], [ 123.503112, -16.566025 ], [ 123.491002, -16.546015 ], [ 123.463692, -16.534805 ], [ 123.460392, -16.524605 ], [ 123.468072, -16.518225 ], [ 123.428532, -16.511196 ], [ 123.428542, -16.498866 ], [ 123.442233, -16.500465 ], [ 123.431082, -16.502966 ], [ 123.445302, -16.509875 ], [ 123.496582, -16.514535 ], [ 123.492952, -16.501725 ], [ 123.502072, -16.504064 ], [ 123.495132, -16.494055 ], [ 123.472503, -16.484015 ], [ 123.469553, -16.475055 ], [ 123.461443, -16.477015 ], [ 123.473462, -16.470005 ], [ 123.544012, -16.504553 ], [ 123.534132, -16.508644 ], [ 123.546352, -16.504233 ], [ 123.594543, -16.525902 ], [ 123.584313, -16.517452 ], [ 123.643023, -16.53004 ], [ 123.637033, -16.51801 ], [ 123.607623, -16.504871 ], [ 123.588483, -16.510472 ], [ 123.582963, -16.498562 ], [ 123.602723, -16.490701 ], [ 123.625213, -16.49044 ], [ 123.632873, -16.498639 ], [ 123.662934, -16.49109 ], [ 123.648273, -16.479889 ], [ 123.651363, -16.474949 ], [ 123.619823, -16.464731 ], [ 123.599233, -16.448731 ], [ 123.568233, -16.445533 ], [ 123.542982, -16.427224 ], [ 123.505342, -16.419995 ], [ 123.497942, -16.409865 ], [ 123.502772, -16.407085 ], [ 123.582213, -16.427682 ], [ 123.547842, -16.408504 ], [ 123.563072, -16.407953 ], [ 123.511242, -16.391335 ], [ 123.518632, -16.389254 ], [ 123.509122, -16.380235 ], [ 123.535882, -16.397994 ], [ 123.567482, -16.399853 ], [ 123.556682, -16.403153 ], [ 123.571732, -16.408373 ], [ 123.571922, -16.400803 ], [ 123.597992, -16.405662 ], [ 123.605162, -16.415552 ], [ 123.591802, -16.417132 ], [ 123.607993, -16.425752 ], [ 123.621393, -16.429971 ], [ 123.629572, -16.422992 ], [ 123.665523, -16.43663 ], [ 123.676563, -16.43356 ], [ 123.671683, -16.428321 ], [ 123.681483, -16.43269 ], [ 123.697213, -16.414851 ], [ 123.679752, -16.416171 ], [ 123.688282, -16.404832 ], [ 123.647942, -16.385393 ], [ 123.629232, -16.356753 ], [ 123.658682, -16.362873 ], [ 123.651362, -16.369483 ], [ 123.663532, -16.383373 ], [ 123.673022, -16.383112 ], [ 123.662962, -16.367993 ], [ 123.681402, -16.375382 ], [ 123.716902, -16.372392 ], [ 123.698871, -16.359133 ], [ 123.710621, -16.354033 ], [ 123.700111, -16.351003 ], [ 123.697421, -16.337533 ], [ 123.679991, -16.335583 ], [ 123.662391, -16.313513 ], [ 123.640321, -16.308693 ], [ 123.627141, -16.290494 ], [ 123.61137, -16.287084 ], [ 123.624441, -16.317263 ], [ 123.593361, -16.311233 ], [ 123.598751, -16.322803 ], [ 123.550201, -16.283154 ], [ 123.549571, -16.262805 ], [ 123.566061, -16.276294 ], [ 123.58213, -16.272024 ], [ 123.58388, -16.260614 ], [ 123.59929, -16.264084 ], [ 123.576061, -16.245294 ], [ 123.61663, -16.261804 ], [ 123.60351, -16.250954 ], [ 123.60966, -16.243774 ], [ 123.5909, -16.247684 ], [ 123.5801, -16.239224 ], [ 123.60192, -16.232404 ], [ 123.58655, -16.224924 ], [ 123.58225, -16.233704 ], [ 123.5637, -16.216245 ], [ 123.60112, -16.216364 ], [ 123.58169, -16.205884 ], [ 123.56387, -16.210365 ], [ 123.57246, -16.192125 ], [ 123.55669, -16.177745 ], [ 123.56926, -16.172315 ], [ 123.5707, -16.180805 ], [ 123.58418, -16.164424 ], [ 123.61334, -16.160494 ], [ 123.63577, -16.176164 ], [ 123.62043, -16.157694 ], [ 123.65526, -16.168304 ], [ 123.65984, -16.153424 ], [ 123.67575, -16.163214 ], [ 123.66535, -16.151204 ], [ 123.68346, -16.153614 ], [ 123.67977, -16.160594 ], [ 123.69342, -16.151104 ], [ 123.69683, -16.162244 ], [ 123.68984, -16.160004 ], [ 123.69604, -16.173274 ], [ 123.70098, -16.169474 ], [ 123.70141, -16.190264 ], [ 123.70214, -16.171174 ], [ 123.71363, -16.167543 ], [ 123.70311, -16.153894 ], [ 123.70897, -16.152243 ], [ 123.72343, -16.170893 ], [ 123.71316, -16.154083 ], [ 123.72846, -16.156813 ], [ 123.703089, -16.128683 ], [ 123.726609, -16.140513 ], [ 123.7379, -16.160613 ], [ 123.741819, -16.153523 ], [ 123.747239, -16.162773 ], [ 123.750909, -16.157443 ], [ 123.770559, -16.170593 ], [ 123.79055, -16.200473 ], [ 123.80316, -16.203513 ], [ 123.7968, -16.209233 ], [ 123.80665, -16.206143 ], [ 123.81461, -16.219653 ], [ 123.80037, -16.216153 ], [ 123.79856, -16.222923 ], [ 123.78861, -16.209503 ], [ 123.78907, -16.223643 ], [ 123.77159, -16.216153 ], [ 123.77569, -16.228843 ], [ 123.78502, -16.233443 ], [ 123.78833, -16.228263 ], [ 123.79503, -16.238833 ], [ 123.79694, -16.263033 ], [ 123.79109, -16.263553 ], [ 123.7833, -16.243033 ], [ 123.78349, -16.262143 ], [ 123.77714, -16.251803 ], [ 123.76947, -16.259543 ], [ 123.74296, -16.253123 ], [ 123.740651, -16.263273 ], [ 123.778031, -16.285833 ], [ 123.782711, -16.297653 ], [ 123.783191, -16.284063 ], [ 123.795821, -16.299763 ], [ 123.784441, -16.303063 ], [ 123.796371, -16.316123 ], [ 123.810051, -16.320673 ], [ 123.799531, -16.303973 ], [ 123.825361, -16.322823 ], [ 123.842971, -16.326223 ], [ 123.835221, -16.319613 ], [ 123.843921, -16.315043 ], [ 123.86594, -16.327873 ], [ 123.856671, -16.330173 ], [ 123.858461, -16.340583 ], [ 123.864591, -16.336113 ], [ 123.860141, -16.350323 ], [ 123.867621, -16.351733 ], [ 123.865471, -16.342443 ], [ 123.876441, -16.347053 ], [ 123.878721, -16.355203 ], [ 123.865791, -16.362233 ], [ 123.878831, -16.371253 ], [ 123.876081, -16.377674 ], [ 123.851431, -16.371734 ], [ 123.836461, -16.354373 ], [ 123.850571, -16.376474 ], [ 123.842031, -16.382834 ], [ 123.85409, -16.435165 ], [ 123.8711, -16.447055 ], [ 123.86703, -16.412874 ], [ 123.88304, -16.416724 ], [ 123.88837, -16.409534 ], [ 123.89997, -16.422833 ], [ 123.889541, -16.394503 ], [ 123.899381, -16.392203 ], [ 123.895031, -16.365043 ], [ 123.88435, -16.353663 ], [ 123.90897, -16.362923 ], [ 123.88572, -16.342823 ], [ 123.91702, -16.352203 ], [ 123.89281, -16.333713 ], [ 123.8838, -16.304033 ], [ 123.89536, -16.307393 ], [ 123.9058, -16.335163 ], [ 123.94131, -16.359833 ], [ 123.97571, -16.378943 ], [ 123.98384, -16.379503 ], [ 123.98759, -16.370433 ], [ 123.97728, -16.340413 ], [ 123.95515, -16.325003 ], [ 123.94933, -16.304383 ], [ 123.93358, -16.297723 ], [ 123.960979, -16.279823 ], [ 124.000079, -16.291832 ], [ 123.993739, -16.281402 ], [ 123.961179, -16.268633 ], [ 123.963819, -16.260183 ], [ 123.953369, -16.264743 ], [ 123.950239, -16.260533 ], [ 123.962469, -16.252823 ], [ 123.950729, -16.257713 ], [ 123.945749, -16.250903 ], [ 123.951989, -16.246193 ], [ 123.941669, -16.249173 ], [ 123.925899, -16.229623 ], [ 123.915949, -16.231473 ], [ 123.909909, -16.210293 ], [ 123.939909, -16.233563 ], [ 123.972119, -16.245312 ], [ 123.970069, -16.253662 ], [ 123.979929, -16.248302 ], [ 123.995519, -16.261632 ], [ 124.002819, -16.254562 ], [ 123.999819, -16.264722 ], [ 124.009939, -16.257442 ], [ 124.017819, -16.268342 ], [ 124.014949, -16.259392 ], [ 124.026209, -16.255742 ], [ 124.042379, -16.268952 ], [ 124.041969, -16.278332 ], [ 124.052429, -16.271962 ], [ 124.068258, -16.284152 ], [ 124.056988, -16.271422 ], [ 124.075478, -16.270972 ], [ 124.104808, -16.277832 ], [ 124.101428, -16.285392 ], [ 124.107838, -16.278642 ], [ 124.124448, -16.280432 ], [ 124.124538, -16.288902 ], [ 124.179728, -16.309581 ], [ 124.175048, -16.328211 ], [ 124.194858, -16.342561 ], [ 124.185658, -16.352681 ], [ 124.194648, -16.356571 ], [ 124.193538, -16.366401 ], [ 124.199308, -16.360561 ], [ 124.196978, -16.377041 ], [ 124.199698, -16.372541 ], [ 124.205838, -16.383881 ], [ 124.195858, -16.389021 ], [ 124.204878, -16.386921 ], [ 124.210088, -16.397011 ], [ 124.201848, -16.404761 ], [ 124.211488, -16.398491 ], [ 124.222718, -16.418441 ], [ 124.256728, -16.409591 ], [ 124.264078, -16.413811 ], [ 124.261098, -16.419421 ], [ 124.282927, -16.414481 ], [ 124.294697, -16.423921 ], [ 124.300137, -16.414911 ], [ 124.311227, -16.420161 ], [ 124.324957, -16.414921 ], [ 124.322697, -16.421461 ], [ 124.334247, -16.428531 ], [ 124.331847, -16.439481 ], [ 124.315098, -16.441541 ], [ 124.322198, -16.448811 ], [ 124.308098, -16.455421 ], [ 124.319158, -16.468691 ], [ 124.332338, -16.458471 ], [ 124.344978, -16.465571 ], [ 124.353438, -16.454171 ], [ 124.363677, -16.458231 ], [ 124.361077, -16.448671 ], [ 124.373397, -16.442741 ], [ 124.390137, -16.445191 ], [ 124.390297, -16.458981 ], [ 124.407297, -16.478611 ], [ 124.391618, -16.504581 ], [ 124.400878, -16.497341 ], [ 124.405888, -16.503581 ], [ 124.399068, -16.506421 ], [ 124.415218, -16.509951 ], [ 124.407528, -16.525511 ], [ 124.392268, -16.533011 ], [ 124.406438, -16.533871 ], [ 124.410298, -16.543251 ], [ 124.426248, -16.531701 ], [ 124.427598, -16.517921 ], [ 124.435528, -16.525531 ], [ 124.429807, -16.498491 ], [ 124.441167, -16.497531 ], [ 124.442637, -16.508911 ], [ 124.444657, -16.502741 ], [ 124.449367, -16.506741 ], [ 124.443527, -16.494941 ], [ 124.449237, -16.501181 ], [ 124.448047, -16.496081 ], [ 124.468217, -16.498551 ], [ 124.440067, -16.482831 ], [ 124.441377, -16.475411 ], [ 124.419097, -16.485221 ], [ 124.402777, -16.469661 ], [ 124.401897, -16.429011 ], [ 124.388797, -16.415221 ], [ 124.346447, -16.424751 ], [ 124.336527, -16.418821 ], [ 124.344267, -16.416381 ], [ 124.348867, -16.389161 ], [ 124.365657, -16.378731 ], [ 124.387487, -16.34562 ], [ 124.402547, -16.35224 ], [ 124.407377, -16.37329 ], [ 124.426237, -16.36682 ], [ 124.431257, -16.39408 ], [ 124.449537, -16.38862 ], [ 124.449227, -16.41091 ], [ 124.494416, -16.4043 ], [ 124.494537, -16.41168 ], [ 124.501276, -16.4008 ], [ 124.513646, -16.40856 ], [ 124.599746, -16.4143 ], [ 124.745415, -16.389979 ], [ 124.840514, -16.43432 ], [ 124.917184, -16.420818 ], [ 124.922285, -16.391137 ], [ 124.947665, -16.393327 ], [ 124.953335, -16.371327 ], [ 124.943945, -16.383957 ], [ 124.917735, -16.388077 ], [ 124.901265, -16.416048 ], [ 124.881884, -16.408779 ], [ 124.874394, -16.416219 ], [ 124.830524, -16.40907 ], [ 124.814465, -16.416409 ], [ 124.787665, -16.385858 ], [ 124.725195, -16.372199 ], [ 124.715185, -16.355839 ], [ 124.693485, -16.344719 ], [ 124.673426, -16.350389 ], [ 124.570956, -16.32929 ], [ 124.506596, -16.34285 ], [ 124.480476, -16.35644 ], [ 124.477586, -16.34497 ], [ 124.464286, -16.34123 ], [ 124.457436, -16.35284 ], [ 124.424167, -16.35958 ], [ 124.411657, -16.35726 ], [ 124.405937, -16.33421 ], [ 124.394547, -16.33853 ], [ 124.410707, -16.29363 ], [ 124.402947, -16.29811 ], [ 124.385157, -16.2761 ], [ 124.398967, -16.27402 ], [ 124.407867, -16.25067 ], [ 124.402667, -16.23799 ], [ 124.378747, -16.22702 ], [ 124.379037, -16.21663 ], [ 124.400167, -16.2017 ], [ 124.388757, -16.19091 ], [ 124.400967, -16.18272 ], [ 124.398577, -16.169479 ], [ 124.427696, -16.182809 ], [ 124.434656, -16.178809 ], [ 124.449676, -16.122029 ], [ 124.443286, -16.113529 ], [ 124.448916, -16.110279 ], [ 124.444346, -16.065389 ], [ 124.453276, -16.078429 ], [ 124.462736, -16.079479 ], [ 124.464066, -16.071809 ], [ 124.477236, -16.078539 ], [ 124.479966, -16.094139 ], [ 124.458426, -16.102519 ], [ 124.486616, -16.122199 ], [ 124.514136, -16.164669 ], [ 124.517026, -16.173599 ], [ 124.501436, -16.182689 ], [ 124.501496, -16.189239 ], [ 124.516776, -16.177439 ], [ 124.508166, -16.206029 ], [ 124.518836, -16.178819 ], [ 124.526396, -16.194759 ], [ 124.525136, -16.188199 ], [ 124.532616, -16.189359 ], [ 124.525406, -16.181199 ], [ 124.536686, -16.184239 ], [ 124.526976, -16.162009 ], [ 124.541436, -16.157619 ], [ 124.560716, -16.119458 ], [ 124.599256, -16.127398 ], [ 124.646945, -16.098108 ], [ 124.634105, -16.091848 ], [ 124.622976, -16.099708 ], [ 124.618106, -16.089758 ], [ 124.607146, -16.113428 ], [ 124.592446, -16.116078 ], [ 124.588116, -16.109518 ], [ 124.580536, -16.023228 ], [ 124.595486, -16.027418 ], [ 124.579456, -16.000528 ], [ 124.591275, -15.997678 ], [ 124.588885, -15.973497 ], [ 124.615185, -15.983727 ], [ 124.619885, -15.996267 ], [ 124.616235, -15.982487 ], [ 124.637135, -15.984137 ], [ 124.634041, -15.99857 ], [ 124.642635, -15.988417 ], [ 124.639015, -15.980897 ], [ 124.605575, -15.969967 ], [ 124.615545, -15.964507 ], [ 124.598445, -15.967607 ], [ 124.596865, -15.942977 ], [ 124.605985, -15.944427 ], [ 124.610495, -15.927357 ], [ 124.626005, -15.920887 ], [ 124.616065, -15.912997 ], [ 124.621185, -15.906097 ], [ 124.605295, -15.898437 ], [ 124.607845, -15.891317 ], [ 124.629415, -15.881557 ], [ 124.654555, -15.853597 ], [ 124.668465, -15.862727 ], [ 124.681575, -15.888916 ], [ 124.686845, -15.881886 ], [ 124.677845, -15.877276 ], [ 124.675825, -15.862816 ], [ 124.686535, -15.856586 ], [ 124.682005, -15.849516 ], [ 124.711935, -15.839466 ], [ 124.704515, -15.814056 ], [ 124.741585, -15.822276 ], [ 124.700815, -15.784466 ], [ 124.704275, -15.768976 ], [ 124.719004, -15.770066 ], [ 124.709155, -15.762296 ], [ 124.702985, -15.766496 ], [ 124.704344, -15.750216 ], [ 124.701695, -15.763896 ], [ 124.696434, -15.759046 ], [ 124.700775, -15.767746 ], [ 124.691195, -15.765166 ], [ 124.697865, -15.769216 ], [ 124.693585, -15.783006 ], [ 124.675385, -15.784746 ], [ 124.678965, -15.769706 ], [ 124.704784, -15.741066 ], [ 124.688694, -15.745626 ], [ 124.660445, -15.781617 ], [ 124.633865, -15.790477 ], [ 124.632785, -15.778957 ], [ 124.631765, -15.790487 ], [ 124.625685, -15.786087 ], [ 124.629485, -15.795637 ], [ 124.607895, -15.810867 ], [ 124.572015, -15.861227 ], [ 124.531746, -15.957318 ], [ 124.520326, -15.972368 ], [ 124.513546, -15.968078 ], [ 124.516376, -15.979718 ], [ 124.498596, -15.998068 ], [ 124.490246, -15.987488 ], [ 124.492126, -15.975498 ], [ 124.498076, -15.977248 ], [ 124.491966, -15.959128 ], [ 124.497006, -15.943248 ], [ 124.508266, -15.946368 ], [ 124.512456, -15.934418 ], [ 124.506116, -15.927868 ], [ 124.499316, -15.935708 ], [ 124.498016, -15.928318 ], [ 124.492426, -15.935968 ], [ 124.487306, -15.920408 ], [ 124.476696, -15.941578 ], [ 124.480476, -15.896948 ], [ 124.474886, -15.885678 ], [ 124.478906, -15.893378 ], [ 124.499406, -15.889778 ], [ 124.483656, -15.889818 ], [ 124.489946, -15.886058 ], [ 124.475166, -15.873708 ], [ 124.484256, -15.866628 ], [ 124.475256, -15.868398 ], [ 124.477616, -15.863378 ], [ 124.460946, -15.854118 ], [ 124.459346, -15.817708 ], [ 124.476646, -15.820258 ], [ 124.460276, -15.816018 ], [ 124.461202, -15.802971 ], [ 124.443376, -15.809198 ], [ 124.458276, -15.811438 ], [ 124.451256, -15.831348 ], [ 124.444636, -15.829048 ], [ 124.439056, -15.870368 ], [ 124.429536, -15.867388 ], [ 124.424846, -15.847618 ], [ 124.417516, -15.876798 ], [ 124.409286, -15.863848 ], [ 124.410286, -15.805898 ], [ 124.385946, -15.717558 ], [ 124.395926, -15.731178 ], [ 124.407656, -15.720058 ], [ 124.423796, -15.732568 ], [ 124.419216, -15.723958 ], [ 124.437256, -15.711468 ], [ 124.416856, -15.720398 ], [ 124.411476, -15.715068 ], [ 124.417826, -15.711408 ], [ 124.409026, -15.710998 ], [ 124.397346, -15.726028 ], [ 124.402536, -15.698618 ], [ 124.393216, -15.677308 ], [ 124.386356, -15.672178 ], [ 124.375976, -15.680098 ], [ 124.368816, -15.671878 ], [ 124.379266, -15.660198 ], [ 124.385716, -15.669318 ], [ 124.390236, -15.662408 ], [ 124.402466, -15.685178 ], [ 124.412666, -15.681428 ], [ 124.414366, -15.637228 ], [ 124.421516, -15.667358 ], [ 124.430726, -15.673888 ], [ 124.429656, -15.664268 ], [ 124.443686, -15.669738 ], [ 124.444656, -15.654828 ], [ 124.457196, -15.656338 ], [ 124.436506, -15.643498 ], [ 124.433775, -15.623017 ], [ 124.450455, -15.602767 ], [ 124.452465, -15.616207 ], [ 124.482955, -15.618837 ], [ 124.500625, -15.636687 ], [ 124.488215, -15.621527 ], [ 124.497125, -15.615687 ], [ 124.454365, -15.613547 ], [ 124.459585, -15.608557 ], [ 124.453875, -15.591877 ], [ 124.450685, -15.601137 ], [ 124.433465, -15.608447 ], [ 124.430595, -15.588087 ], [ 124.409575, -15.609457 ], [ 124.416035, -15.620168 ], [ 124.404585, -15.615128 ], [ 124.430035, -15.574467 ], [ 124.424655, -15.559357 ], [ 124.430075, -15.560787 ], [ 124.417525, -15.549247 ], [ 124.425115, -15.540787 ], [ 124.436315, -15.546987 ], [ 124.446425, -15.528717 ], [ 124.458595, -15.539507 ], [ 124.461995, -15.532067 ], [ 124.465785, -15.536897 ], [ 124.461695, -15.511707 ], [ 124.470145, -15.506397 ], [ 124.472685, -15.512367 ], [ 124.473045, -15.503557 ], [ 124.486525, -15.497277 ], [ 124.496185, -15.516547 ], [ 124.510425, -15.525127 ], [ 124.500265, -15.516417 ], [ 124.505805, -15.504087 ], [ 124.498575, -15.505807 ], [ 124.492535, -15.486177 ], [ 124.468615, -15.504257 ], [ 124.455825, -15.508487 ], [ 124.461595, -15.498187 ], [ 124.446375, -15.506277 ], [ 124.476645, -15.477897 ], [ 124.498065, -15.474967 ], [ 124.507385, -15.483737 ], [ 124.508594, -15.470327 ], [ 124.518254, -15.468737 ], [ 124.521494, -15.485127 ], [ 124.529804, -15.477197 ], [ 124.528974, -15.484437 ], [ 124.551694, -15.490806 ], [ 124.554674, -15.502796 ], [ 124.579944, -15.499606 ], [ 124.580334, -15.520056 ], [ 124.595824, -15.523406 ], [ 124.599064, -15.506476 ], [ 124.617474, -15.503846 ], [ 124.620644, -15.514456 ], [ 124.614444, -15.519576 ], [ 124.628764, -15.525666 ], [ 124.632144, -15.516306 ], [ 124.624364, -15.512756 ], [ 124.638794, -15.503916 ], [ 124.621544, -15.500666 ], [ 124.626384, -15.472426 ], [ 124.617854, -15.466096 ], [ 124.628214, -15.462806 ], [ 124.633404, -15.436696 ], [ 124.645724, -15.424696 ], [ 124.653784, -15.435186 ], [ 124.645674, -15.434136 ], [ 124.642194, -15.463116 ], [ 124.667524, -15.483746 ], [ 124.677064, -15.478196 ], [ 124.674194, -15.498086 ], [ 124.679864, -15.480336 ], [ 124.686104, -15.480916 ], [ 124.682054, -15.473216 ], [ 124.690774, -15.468026 ], [ 124.686664, -15.455806 ], [ 124.676554, -15.462826 ], [ 124.671644, -15.452896 ], [ 124.668904, -15.428606 ], [ 124.687084, -15.413716 ], [ 124.678184, -15.411636 ], [ 124.676174, -15.400686 ], [ 124.723743, -15.376745 ], [ 124.727203, -15.363405 ], [ 124.744773, -15.361785 ], [ 124.726643, -15.360495 ], [ 124.723483, -15.352805 ], [ 124.704723, -15.359836 ], [ 124.705333, -15.343555 ], [ 124.688763, -15.357496 ], [ 124.666774, -15.361946 ], [ 124.661984, -15.354946 ], [ 124.662084, -15.347946 ], [ 124.672353, -15.346246 ], [ 124.656463, -15.336876 ], [ 124.661913, -15.324886 ], [ 124.666473, -15.334256 ], [ 124.674243, -15.324526 ], [ 124.691033, -15.333196 ], [ 124.707193, -15.320805 ], [ 124.692483, -15.309125 ], [ 124.696883, -15.296465 ], [ 124.667313, -15.296636 ], [ 124.679283, -15.288586 ], [ 124.672743, -15.278996 ], [ 124.678893, -15.270166 ], [ 124.672843, -15.269046 ], [ 124.674673, -15.255036 ], [ 124.681763, -15.254006 ], [ 124.678763, -15.264066 ], [ 124.701373, -15.278375 ], [ 124.705033, -15.253395 ], [ 124.770573, -15.302065 ], [ 124.761793, -15.326155 ], [ 124.736123, -15.343165 ], [ 124.753253, -15.354425 ], [ 124.759363, -15.333275 ], [ 124.783853, -15.311885 ], [ 124.783233, -15.294465 ], [ 124.810393, -15.308755 ], [ 124.817193, -15.323535 ], [ 124.831293, -15.325915 ], [ 124.836983, -15.324725 ], [ 124.822163, -15.311885 ], [ 124.846793, -15.299055 ], [ 124.836373, -15.316365 ], [ 124.847703, -15.328535 ], [ 124.849473, -15.335425 ], [ 124.840523, -15.340645 ], [ 124.847663, -15.353175 ], [ 124.860933, -15.351775 ], [ 124.862333, -15.359115 ], [ 124.875693, -15.343495 ], [ 124.888623, -15.356435 ], [ 124.907062, -15.360235 ], [ 124.915252, -15.373315 ], [ 124.932372, -15.374735 ], [ 124.937082, -15.389855 ], [ 124.925322, -15.388875 ], [ 124.926742, -15.393845 ], [ 124.945192, -15.395785 ], [ 124.940572, -15.383625 ], [ 124.945912, -15.383725 ], [ 124.971323, -15.420935 ], [ 124.978842, -15.409605 ], [ 124.979942, -15.421805 ], [ 125.003773, -15.440144 ], [ 125.002983, -15.448394 ], [ 124.984083, -15.469585 ], [ 124.952193, -15.475225 ], [ 124.958033, -15.479725 ], [ 124.952943, -15.489225 ], [ 124.960243, -15.479945 ], [ 124.984463, -15.476015 ], [ 124.961793, -15.488745 ], [ 124.973223, -15.491195 ], [ 124.981343, -15.483485 ], [ 124.981743, -15.495005 ], [ 124.982983, -15.484275 ], [ 124.996233, -15.476995 ], [ 124.995723, -15.495635 ], [ 124.986903, -15.505835 ], [ 124.995973, -15.500835 ], [ 124.999513, -15.510445 ], [ 124.997823, -15.496305 ], [ 125.001393, -15.503625 ], [ 125.010163, -15.496494 ], [ 124.999793, -15.495054 ], [ 125.004033, -15.476634 ], [ 125.009493, -15.473224 ], [ 125.011283, -15.480144 ], [ 125.018333, -15.471494 ], [ 125.025963, -15.485704 ], [ 125.017603, -15.505324 ], [ 125.022903, -15.505934 ], [ 125.015273, -15.519864 ], [ 125.002103, -15.517755 ], [ 125.014113, -15.521784 ], [ 125.004593, -15.528485 ], [ 125.011343, -15.528575 ], [ 125.017103, -15.544665 ], [ 125.013013, -15.530545 ], [ 125.017843, -15.522114 ], [ 125.025553, -15.525814 ], [ 125.022053, -15.514764 ], [ 125.026773, -15.511124 ], [ 125.029373, -15.522184 ], [ 125.030123, -15.513814 ], [ 125.033158, -15.516397 ], [ 125.030933, -15.504444 ], [ 125.039873, -15.497854 ], [ 125.044243, -15.511504 ], [ 125.045003, -15.497044 ], [ 125.054793, -15.498594 ], [ 125.041693, -15.486434 ], [ 125.046883, -15.473764 ], [ 125.052273, -15.482554 ], [ 125.049203, -15.472624 ], [ 125.062622, -15.460934 ], [ 125.088652, -15.463214 ], [ 125.123099, -15.484205 ], [ 125.12124, -15.491535 ], [ 125.137358, -15.495446 ], [ 125.140927, -15.509086 ], [ 125.174716, -15.534266 ], [ 125.202236, -15.543866 ], [ 125.225298, -15.572295 ], [ 125.291007, -15.604725 ], [ 125.305398, -15.622804 ], [ 125.421186, -15.696025 ], [ 125.300717, -15.613775 ], [ 125.276688, -15.588135 ], [ 125.287617, -15.583565 ], [ 125.271448, -15.588054 ], [ 125.254859, -15.580894 ], [ 125.225236, -15.552796 ], [ 125.225865, -15.540026 ], [ 125.217086, -15.553396 ], [ 125.188466, -15.521966 ], [ 125.146096, -15.497106 ], [ 125.141497, -15.481946 ], [ 125.101922, -15.463394 ], [ 125.081702, -15.446414 ], [ 125.087702, -15.441514 ], [ 125.070032, -15.440244 ], [ 125.082532, -15.412294 ], [ 125.084312, -15.377714 ], [ 125.095002, -15.371304 ], [ 125.088822, -15.369454 ], [ 125.090851, -15.354984 ], [ 125.111261, -15.338864 ], [ 125.137341, -15.339444 ], [ 125.140451, -15.333104 ], [ 125.143821, -15.347914 ], [ 125.144531, -15.333874 ], [ 125.152091, -15.332494 ], [ 125.138811, -15.331304 ], [ 125.144261, -15.326534 ], [ 125.156011, -15.324564 ], [ 125.159121, -15.335264 ], [ 125.164091, -15.330574 ], [ 125.156381, -15.323464 ], [ 125.162971, -15.321034 ], [ 125.155061, -15.321404 ], [ 125.162561, -15.316964 ], [ 125.160361, -15.310094 ], [ 125.154771, -15.317424 ], [ 125.157741, -15.306144 ], [ 125.152511, -15.322434 ], [ 125.146541, -15.314114 ], [ 125.149591, -15.322104 ], [ 125.143451, -15.317884 ], [ 125.130531, -15.327834 ], [ 125.136771, -15.316854 ], [ 125.128651, -15.323994 ], [ 125.124781, -15.316554 ], [ 125.126571, -15.326604 ], [ 125.120651, -15.328774 ], [ 125.117001, -15.319294 ], [ 125.118781, -15.328894 ], [ 125.088561, -15.337704 ], [ 125.098371, -15.318464 ], [ 125.110131, -15.320234 ], [ 125.110341, -15.314584 ], [ 125.099171, -15.314174 ], [ 125.115521, -15.302024 ], [ 125.101911, -15.302634 ], [ 125.110011, -15.292444 ], [ 125.102481, -15.299354 ], [ 125.101861, -15.290434 ], [ 125.107671, -15.263074 ], [ 125.118921, -15.255614 ], [ 125.105101, -15.261394 ], [ 125.100321, -15.285924 ], [ 125.094301, -15.265044 ], [ 125.088141, -15.266764 ], [ 125.090001, -15.247804 ], [ 125.086621, -15.264394 ], [ 125.077451, -15.247674 ], [ 125.073421, -15.253924 ], [ 125.081001, -15.255604 ], [ 125.095661, -15.283114 ], [ 125.094991, -15.289674 ], [ 125.086821, -15.283764 ], [ 125.087541, -15.290154 ], [ 125.079761, -15.290854 ], [ 125.094301, -15.292044 ], [ 125.081251, -15.314354 ], [ 125.065431, -15.316214 ], [ 125.052142, -15.302394 ], [ 125.039642, -15.301394 ], [ 125.036012, -15.295534 ], [ 125.044951, -15.283864 ], [ 125.034942, -15.288194 ], [ 125.030672, -15.274794 ], [ 125.026372, -15.300314 ], [ 124.984202, -15.319974 ], [ 124.979122, -15.329394 ], [ 124.920082, -15.356465 ], [ 124.897912, -15.339925 ], [ 124.898232, -15.332125 ], [ 124.907792, -15.335035 ], [ 124.902412, -15.329635 ], [ 124.906782, -15.317425 ], [ 124.891472, -15.327745 ], [ 124.883052, -15.315905 ], [ 124.895232, -15.305355 ], [ 124.880122, -15.310485 ], [ 124.876132, -15.302025 ], [ 124.893842, -15.271805 ], [ 124.903252, -15.268955 ], [ 124.904642, -15.275725 ], [ 124.904602, -15.255504 ], [ 124.912982, -15.256384 ], [ 124.914052, -15.271194 ], [ 124.922812, -15.270484 ], [ 124.918802, -15.254564 ], [ 124.931922, -15.247404 ], [ 124.918652, -15.245294 ], [ 124.933372, -15.231134 ], [ 124.927432, -15.229224 ], [ 124.951502, -15.225084 ], [ 124.969492, -15.212154 ], [ 124.979172, -15.219914 ], [ 124.972102, -15.227244 ], [ 124.981512, -15.224204 ], [ 125.005642, -15.241934 ], [ 125.004551, -15.224464 ], [ 125.019861, -15.213574 ], [ 125.021981, -15.218534 ], [ 125.028521, -15.197044 ], [ 125.046801, -15.188714 ], [ 125.041481, -15.178584 ], [ 125.060211, -15.180784 ], [ 125.056031, -15.164434 ], [ 125.048641, -15.166364 ], [ 125.045811, -15.157674 ], [ 125.020161, -15.169504 ], [ 125.022781, -15.156164 ], [ 125.013821, -15.154504 ], [ 125.005831, -15.163344 ], [ 125.014251, -15.175854 ], [ 124.992821, -15.197844 ], [ 124.981971, -15.190984 ], [ 124.994911, -15.162004 ], [ 124.984821, -15.175954 ], [ 124.985371, -15.166124 ], [ 124.976101, -15.176314 ], [ 124.978281, -15.168174 ], [ 124.970141, -15.164254 ], [ 124.971241, -15.182994 ], [ 124.961052, -15.195574 ], [ 124.971102, -15.208304 ], [ 124.939892, -15.197104 ], [ 124.935172, -15.187414 ], [ 124.942822, -15.205114 ], [ 124.935902, -15.209734 ], [ 124.943782, -15.213134 ], [ 124.923002, -15.225734 ], [ 124.917152, -15.215134 ], [ 124.917542, -15.228244 ], [ 124.900982, -15.240224 ], [ 124.909902, -15.238994 ], [ 124.907942, -15.245664 ], [ 124.875772, -15.261915 ], [ 124.891822, -15.230334 ], [ 124.868842, -15.243635 ], [ 124.867492, -15.221605 ], [ 124.881142, -15.208434 ], [ 124.867672, -15.204085 ], [ 124.864272, -15.194945 ], [ 124.896372, -15.173444 ], [ 124.854812, -15.183565 ], [ 124.861542, -15.169044 ], [ 124.847462, -15.177935 ], [ 124.844662, -15.173195 ], [ 124.837712, -15.183155 ], [ 124.845792, -15.162704 ], [ 124.833912, -15.157965 ], [ 124.868992, -15.144884 ], [ 124.870682, -15.126234 ], [ 124.877902, -15.130614 ], [ 124.893082, -15.114314 ], [ 124.906811, -15.115854 ], [ 124.910381, -15.106804 ], [ 124.922051, -15.116714 ], [ 124.926441, -15.108684 ], [ 124.943241, -15.125574 ], [ 124.951681, -15.113234 ], [ 124.949461, -15.123544 ], [ 124.961471, -15.118744 ], [ 124.974441, -15.135314 ], [ 124.981151, -15.126474 ], [ 124.985051, -15.133284 ], [ 124.987731, -15.114254 ], [ 124.997071, -15.122814 ], [ 124.997581, -15.104844 ], [ 125.008631, -15.104694 ], [ 125.011141, -15.093504 ], [ 125.029861, -15.113284 ], [ 125.047701, -15.077114 ], [ 125.029411, -15.066214 ], [ 125.035511, -15.051964 ], [ 125.020271, -15.047044 ], [ 125.026201, -15.031344 ], [ 125.014181, -15.035084 ], [ 125.02354, -15.022064 ], [ 125.01895, -15.007954 ], [ 125.02517, -14.992374 ], [ 125.01197, -14.983164 ], [ 125.028, -14.984254 ], [ 125.03306, -14.996014 ], [ 125.04462, -14.984444 ], [ 125.05565, -14.999784 ], [ 125.05448, -14.988094 ], [ 125.07429, -14.975763 ], [ 125.07472, -14.984233 ], [ 125.09283, -14.988153 ], [ 125.05901, -15.028274 ], [ 125.06732, -15.041464 ], [ 125.08347, -15.040613 ], [ 125.07237, -15.064904 ], [ 125.1008, -15.064473 ], [ 125.09655, -15.056263 ], [ 125.10552, -15.033183 ], [ 125.12567, -15.043503 ], [ 125.13341, -15.058953 ], [ 125.12562, -15.058983 ], [ 125.12205, -15.091643 ], [ 125.13847, -15.102933 ], [ 125.14502, -15.134713 ], [ 125.16324, -15.151363 ], [ 125.1743, -15.130073 ], [ 125.22426, -15.121173 ], [ 125.21249, -15.116363 ], [ 125.2234, -15.113043 ], [ 125.22198, -15.106273 ], [ 125.22701, -15.113823 ], [ 125.22545, -15.103433 ], [ 125.24053, -15.102513 ], [ 125.24445, -15.112953 ], [ 125.24196, -15.104263 ], [ 125.266, -15.099983 ], [ 125.26504, -15.112673 ], [ 125.27102, -15.113733 ], [ 125.2811, -15.097543 ], [ 125.28972, -15.099653 ], [ 125.2823, -15.143623 ], [ 125.30586, -15.142163 ], [ 125.30679, -15.151633 ], [ 125.32534, -15.152463 ], [ 125.33493, -15.162923 ], [ 125.33158, -15.146453 ], [ 125.345979, -15.143103 ], [ 125.368199, -15.155863 ], [ 125.378299, -15.142613 ], [ 125.411869, -15.157572 ], [ 125.443089, -15.148722 ], [ 125.481329, -15.154802 ], [ 125.480176, -15.143002 ], [ 125.476659, -15.150472 ], [ 125.448139, -15.137622 ], [ 125.479907, -15.140257 ], [ 125.479299, -15.134032 ], [ 125.397089, -15.131702 ], [ 125.375949, -15.116982 ], [ 125.380459, -15.112322 ], [ 125.357649, -15.108373 ], [ 125.377529, -15.108842 ], [ 125.373079, -15.103322 ], [ 125.401919, -15.084662 ], [ 125.402149, -15.063762 ], [ 125.370129, -15.073742 ], [ 125.367399, -15.062462 ], [ 125.375479, -15.052712 ], [ 125.387009, -15.056492 ], [ 125.401919, -15.042532 ], [ 125.411479, -15.047452 ], [ 125.428438, -15.026812 ], [ 125.459278, -15.014902 ], [ 125.462448, -15.000202 ], [ 125.474788, -15.004772 ], [ 125.481598, -14.998582 ], [ 125.475118, -15.001492 ], [ 125.471498, -14.992512 ], [ 125.449898, -14.999932 ], [ 125.448429, -15.007052 ], [ 125.441378, -14.999442 ], [ 125.443938, -15.013852 ], [ 125.420979, -15.021652 ], [ 125.408979, -14.998582 ], [ 125.409369, -15.025102 ], [ 125.385939, -15.032552 ], [ 125.365369, -14.991422 ], [ 125.363489, -15.005782 ], [ 125.352929, -15.008882 ], [ 125.347199, -15.000892 ], [ 125.337329, -15.002632 ], [ 125.339509, -14.986812 ], [ 125.318749, -15.005873 ], [ 125.303589, -14.996303 ], [ 125.301659, -15.003353 ], [ 125.295459, -14.995933 ], [ 125.285599, -14.999193 ], [ 125.278089, -14.978823 ], [ 125.295989, -14.976633 ], [ 125.304639, -14.961642 ], [ 125.288589, -14.965993 ], [ 125.271199, -14.959593 ], [ 125.265069, -14.976143 ], [ 125.254389, -14.978403 ], [ 125.250369, -14.965523 ], [ 125.262409, -14.945913 ], [ 125.257649, -14.943753 ], [ 125.239579, -14.942323 ], [ 125.234219, -14.965343 ], [ 125.231559, -14.960593 ], [ 125.227699, -14.968933 ], [ 125.222109, -14.963673 ], [ 125.222459, -14.970493 ], [ 125.213719, -14.969813 ], [ 125.207809, -14.947173 ], [ 125.213589, -14.951833 ], [ 125.214899, -14.942803 ], [ 125.220569, -14.948583 ], [ 125.218789, -14.929273 ], [ 125.225759, -14.924003 ], [ 125.232979, -14.931573 ], [ 125.230709, -14.919133 ], [ 125.239259, -14.923253 ], [ 125.244539, -14.913953 ], [ 125.255039, -14.926583 ], [ 125.256299, -14.899833 ], [ 125.269899, -14.933283 ], [ 125.287209, -14.928732 ], [ 125.294689, -14.937972 ], [ 125.307689, -14.920222 ], [ 125.294619, -14.903582 ], [ 125.303349, -14.898192 ], [ 125.308079, -14.908702 ], [ 125.307089, -14.891202 ], [ 125.311399, -14.900052 ], [ 125.318919, -14.897002 ], [ 125.316739, -14.887622 ], [ 125.333978, -14.881312 ], [ 125.305039, -14.881492 ], [ 125.305659, -14.869632 ], [ 125.295889, -14.875282 ], [ 125.286669, -14.852972 ], [ 125.273949, -14.870092 ], [ 125.271689, -14.853712 ], [ 125.264099, -14.865422 ], [ 125.254279, -14.852522 ], [ 125.250949, -14.872263 ], [ 125.235519, -14.867573 ], [ 125.249119, -14.834542 ], [ 125.244139, -14.831702 ], [ 125.231739, -14.854463 ], [ 125.224569, -14.848003 ], [ 125.223559, -14.866613 ], [ 125.210099, -14.864883 ], [ 125.208909, -14.842863 ], [ 125.200539, -14.844073 ], [ 125.196869, -14.833333 ], [ 125.186169, -14.837353 ], [ 125.184119, -14.826953 ], [ 125.195269, -14.827563 ], [ 125.189499, -14.803773 ], [ 125.205169, -14.791023 ], [ 125.201709, -14.785133 ], [ 125.192979, -14.791203 ], [ 125.195479, -14.776193 ], [ 125.189429, -14.782683 ], [ 125.190029, -14.775383 ], [ 125.166789, -14.790513 ], [ 125.169699, -14.778803 ], [ 125.154659, -14.766543 ], [ 125.150789, -14.775103 ], [ 125.141429, -14.747673 ], [ 125.146709, -14.752173 ], [ 125.159799, -14.732123 ], [ 125.188979, -14.747033 ], [ 125.187739, -14.738673 ], [ 125.195288, -14.738372 ], [ 125.182908, -14.726913 ], [ 125.179848, -14.709853 ], [ 125.199248, -14.706542 ], [ 125.201138, -14.697972 ], [ 125.211478, -14.721712 ], [ 125.217468, -14.705712 ], [ 125.210558, -14.692252 ], [ 125.212858, -14.668662 ], [ 125.218438, -14.666872 ], [ 125.218748, -14.675232 ], [ 125.234358, -14.661182 ], [ 125.245648, -14.682222 ], [ 125.245558, -14.675562 ], [ 125.262108, -14.693082 ], [ 125.268238, -14.691002 ], [ 125.254288, -14.668482 ], [ 125.261008, -14.670652 ], [ 125.260828, -14.657782 ], [ 125.271388, -14.655222 ], [ 125.273688, -14.661332 ], [ 125.279288, -14.653672 ], [ 125.308418, -14.649942 ], [ 125.288448, -14.623222 ], [ 125.280348, -14.640212 ], [ 125.257406, -14.630754 ], [ 125.267378, -14.642792 ], [ 125.247968, -14.652992 ], [ 125.236098, -14.632812 ], [ 125.228338, -14.658452 ], [ 125.204228, -14.651462 ], [ 125.218878, -14.643842 ], [ 125.217988, -14.636682 ], [ 125.225558, -14.640832 ], [ 125.227768, -14.627512 ], [ 125.234988, -14.631122 ], [ 125.232118, -14.623082 ], [ 125.243828, -14.614362 ], [ 125.256529, -14.629695 ], [ 125.249018, -14.611132 ], [ 125.260868, -14.615552 ], [ 125.255378, -14.597692 ], [ 125.265497, -14.589492 ], [ 125.274497, -14.595092 ], [ 125.282477, -14.578602 ], [ 125.303577, -14.579582 ], [ 125.300407, -14.558232 ], [ 125.325707, -14.584412 ], [ 125.328237, -14.559242 ], [ 125.335667, -14.555772 ], [ 125.347587, -14.564732 ], [ 125.350097, -14.543852 ], [ 125.342577, -14.538972 ], [ 125.342057, -14.521583 ], [ 125.364136, -14.505743 ], [ 125.355047, -14.551771 ], [ 125.368927, -14.563561 ], [ 125.354587, -14.584062 ], [ 125.374667, -14.585501 ], [ 125.374447, -14.575771 ], [ 125.385837, -14.568241 ], [ 125.391607, -14.576161 ], [ 125.394427, -14.565111 ], [ 125.400087, -14.572811 ], [ 125.399597, -14.547181 ], [ 125.410267, -14.545631 ], [ 125.410657, -14.566631 ], [ 125.415187, -14.563941 ], [ 125.415487, -14.579181 ], [ 125.424977, -14.586431 ], [ 125.413447, -14.600511 ], [ 125.427247, -14.600781 ], [ 125.438227, -14.613791 ], [ 125.427157, -14.630582 ], [ 125.429947, -14.641492 ], [ 125.450027, -14.623762 ], [ 125.437247, -14.594601 ], [ 125.463416, -14.605291 ], [ 125.452366, -14.579181 ], [ 125.466636, -14.576061 ], [ 125.471196, -14.564451 ], [ 125.483426, -14.568031 ], [ 125.467386, -14.559241 ], [ 125.466526, -14.535531 ], [ 125.480456, -14.532192 ], [ 125.491386, -14.560332 ], [ 125.495646, -14.530434 ], [ 125.488606, -14.519234 ], [ 125.515286, -14.512984 ], [ 125.520306, -14.500245 ], [ 125.528766, -14.502753 ], [ 125.519936, -14.509164 ], [ 125.529546, -14.511893 ], [ 125.529056, -14.522282 ], [ 125.541376, -14.509891 ], [ 125.560606, -14.514799 ], [ 125.557786, -14.530709 ], [ 125.544676, -14.53496 ], [ 125.547995, -14.548409 ], [ 125.529916, -14.546101 ], [ 125.534786, -14.563911 ], [ 125.550415, -14.55654 ], [ 125.557345, -14.56593 ], [ 125.569426, -14.55828 ], [ 125.599326, -14.56264 ], [ 125.572466, -14.547679 ], [ 125.580975, -14.527829 ], [ 125.596486, -14.536559 ], [ 125.600125, -14.517499 ], [ 125.613705, -14.510638 ], [ 125.602375, -14.498308 ], [ 125.588215, -14.505729 ], [ 125.597975, -14.496718 ], [ 125.591035, -14.493659 ], [ 125.600655, -14.494019 ], [ 125.594484, -14.458782 ], [ 125.599454, -14.461622 ], [ 125.601264, -14.433523 ], [ 125.621944, -14.412914 ], [ 125.616884, -14.395855 ], [ 125.622704, -14.385715 ], [ 125.610414, -14.390425 ], [ 125.608014, -14.374955 ], [ 125.588564, -14.369935 ], [ 125.587904, -14.357856 ], [ 125.603694, -14.343566 ], [ 125.582784, -14.321836 ], [ 125.582253, -14.305357 ], [ 125.598783, -14.273786 ], [ 125.583923, -14.260127 ], [ 125.573683, -14.261647 ], [ 125.592142, -14.243746 ], [ 125.608253, -14.262376 ], [ 125.605922, -14.242996 ], [ 125.596212, -14.237326 ], [ 125.609042, -14.243676 ], [ 125.629212, -14.233576 ], [ 125.633382, -14.240246 ], [ 125.626292, -14.244856 ], [ 125.640962, -14.247506 ], [ 125.641522, -14.265886 ], [ 125.649142, -14.259596 ], [ 125.648562, -14.243426 ], [ 125.655072, -14.266816 ], [ 125.665032, -14.263116 ], [ 125.666713, -14.288186 ], [ 125.695303, -14.292425 ], [ 125.703273, -14.304065 ], [ 125.718123, -14.288635 ], [ 125.717913, -14.277455 ], [ 125.730063, -14.280985 ], [ 125.714523, -14.296635 ], [ 125.721573, -14.298465 ], [ 125.723753, -14.312235 ], [ 125.712684, -14.315156 ], [ 125.710864, -14.327676 ], [ 125.697204, -14.325386 ], [ 125.704594, -14.333646 ], [ 125.725694, -14.324545 ], [ 125.717564, -14.334116 ], [ 125.726354, -14.341815 ], [ 125.705854, -14.340977 ], [ 125.699584, -14.347627 ], [ 125.695464, -14.338767 ], [ 125.693454, -14.345807 ], [ 125.669514, -14.331757 ], [ 125.663374, -14.335537 ], [ 125.672954, -14.345197 ], [ 125.668294, -14.357267 ], [ 125.673864, -14.350957 ], [ 125.678024, -14.356727 ], [ 125.666304, -14.366966 ], [ 125.666134, -14.383836 ], [ 125.657274, -14.379206 ], [ 125.651544, -14.386005 ], [ 125.670704, -14.420364 ], [ 125.660844, -14.424744 ], [ 125.659294, -14.441673 ], [ 125.677584, -14.451981 ], [ 125.674995, -14.470029 ], [ 125.682415, -14.469369 ], [ 125.688726, -14.499406 ], [ 125.676255, -14.523458 ], [ 125.675275, -14.55672 ], [ 125.652015, -14.60205 ], [ 125.646906, -14.648196 ], [ 125.669335, -14.60922 ], [ 125.708916, -14.486577 ], [ 125.731015, -14.476989 ], [ 125.747165, -14.48474 ], [ 125.765385, -14.47224 ], [ 125.774405, -14.47971 ], [ 125.781145, -14.46776 ], [ 125.794595, -14.46642 ], [ 125.797984, -14.44532 ], [ 125.806095, -14.44432 ], [ 125.816165, -14.45167 ], [ 125.802565, -14.47908 ], [ 125.852075, -14.45669 ], [ 125.859125, -14.47498 ], [ 125.828055, -14.48092 ], [ 125.817205, -14.49759 ], [ 125.849884, -14.53591 ], [ 125.828664, -14.54277 ], [ 125.850194, -14.56402 ], [ 125.835584, -14.56806 ], [ 125.830574, -14.58509 ], [ 125.849264, -14.59168 ], [ 125.851414, -14.612131 ], [ 125.876234, -14.60626 ], [ 125.881294, -14.62333 ], [ 125.894764, -14.62309 ], [ 125.910034, -14.66159 ], [ 125.921304, -14.63982 ], [ 125.928484, -14.64581 ], [ 125.920994, -14.65092 ], [ 125.930556, -14.64609 ], [ 125.927334, -14.63971 ], [ 125.933824, -14.64265 ], [ 125.932689, -14.645013 ], [ 125.936734, -14.64297 ], [ 125.930514, -14.63317 ], [ 125.933034, -14.60925 ], [ 125.919144, -14.58281 ], [ 125.902694, -14.57649 ], [ 125.903864, -14.56442 ], [ 125.920684, -14.5521 ], [ 125.920584, -14.53724 ], [ 125.932514, -14.53061 ], [ 125.945674, -14.53873 ], [ 125.949224, -14.5235 ], [ 125.955594, -14.53129 ], [ 125.964754, -14.51923 ], [ 125.972524, -14.54574 ], [ 125.981893, -14.54046 ], [ 126.000293, -14.55499 ], [ 126.013863, -14.53417 ], [ 126.005733, -14.52503 ], [ 126.015463, -14.51948 ], [ 126.041913, -14.53672 ], [ 126.050933, -14.52964 ], [ 126.042223, -14.50871 ], [ 126.053453, -14.50395 ], [ 126.042893, -14.49436 ], [ 126.046333, -14.47222 ], [ 126.031503, -14.47055 ], [ 126.024763, -14.4578 ], [ 126.019604, -14.41138 ], [ 125.985464, -14.41953 ], [ 125.976674, -14.3933 ], [ 125.992424, -14.40257 ], [ 125.996134, -14.39637 ], [ 126.006154, -14.39977 ], [ 126.009843, -14.38779 ], [ 126.021753, -14.37761 ], [ 126.027903, -14.382 ], [ 126.045812, -14.35916 ], [ 126.069332, -14.362279 ], [ 126.075451, -14.352209 ], [ 126.081902, -14.358909 ], [ 126.088431, -14.351209 ], [ 126.084231, -14.342819 ], [ 126.072891, -14.343749 ], [ 126.073901, -14.325669 ], [ 126.086411, -14.330619 ], [ 126.090221, -14.323149 ], [ 126.080491, -14.320909 ], [ 126.082891, -14.303509 ], [ 126.073041, -14.297769 ], [ 126.053401, -14.254209 ], [ 126.081261, -14.234159 ], [ 126.096542, -14.239239 ], [ 126.093932, -14.243999 ], [ 126.13322, -14.231448 ], [ 126.139799, -14.219798 ], [ 126.136639, -14.204338 ], [ 126.147759, -14.209168 ], [ 126.160189, -14.176488 ], [ 126.141279, -14.157778 ], [ 126.169718, -14.146188 ], [ 126.153278, -14.140128 ], [ 126.152198, -14.125679 ], [ 126.133328, -14.118039 ], [ 126.126217, -14.09693 ], [ 126.104427, -14.07575 ], [ 126.087797, -14.08617 ], [ 126.064057, -14.07335 ], [ 126.032518, -14.0951 ], [ 126.004138, -14.069511 ], [ 125.993078, -14.068211 ], [ 125.992058, -14.050161 ], [ 125.976228, -14.039641 ], [ 125.982957, -14.016401 ], [ 125.972917, -13.998672 ], [ 125.983847, -13.989812 ], [ 125.984127, -14.006141 ], [ 126.014357, -14.025441 ], [ 126.005357, -14.040031 ], [ 126.010148, -14.065431 ], [ 126.029287, -14.034671 ], [ 126.026707, -14.016721 ], [ 126.040027, -14.02516 ], [ 126.034767, -14.0383 ], [ 126.055987, -14.0266 ], [ 126.043337, -14.003241 ], [ 126.021867, -13.996861 ], [ 126.031706, -13.988411 ], [ 126.038526, -13.991581 ], [ 126.038186, -13.981531 ], [ 126.065356, -13.988221 ], [ 126.074746, -14.04147 ], [ 126.083056, -14.03467 ], [ 126.102616, -14.04084 ], [ 126.086386, -14.01908 ], [ 126.095626, -14.01477 ], [ 126.089946, -14.00755 ], [ 126.096645, -13.99858 ], [ 126.086406, -13.98768 ], [ 126.107235, -13.97675 ], [ 126.100415, -13.97279 ], [ 126.083866, -13.98203 ], [ 126.082265, -13.96961 ], [ 126.046546, -13.954331 ], [ 126.051416, -13.948011 ], [ 126.036036, -13.943481 ], [ 126.031316, -13.932181 ], [ 126.021126, -13.939281 ], [ 126.011206, -13.925722 ], [ 126.038725, -13.921011 ], [ 126.050266, -13.941691 ], [ 126.062745, -13.942951 ], [ 126.065075, -13.927261 ], [ 126.094815, -13.89534 ], [ 126.100705, -13.90008 ], [ 126.085315, -13.92095 ], [ 126.107865, -13.91906 ], [ 126.085635, -13.94568 ], [ 126.104965, -13.9256 ], [ 126.132355, -13.94449 ], [ 126.134225, -13.91897 ], [ 126.158385, -13.91504 ], [ 126.152835, -13.92655 ], [ 126.161615, -13.9243 ], [ 126.148425, -13.94969 ], [ 126.136855, -13.94957 ], [ 126.126205, -13.96401 ], [ 126.141355, -13.95985 ], [ 126.158695, -13.97014 ], [ 126.130935, -13.98694 ], [ 126.135785, -13.98943 ], [ 126.128665, -14.00091 ], [ 126.110075, -14.01383 ], [ 126.109766, -14.02829 ], [ 126.126785, -14.02704 ], [ 126.117255, -14.01867 ], [ 126.187035, -13.968129 ], [ 126.215825, -13.967579 ], [ 126.221025, -13.987908 ], [ 126.193385, -13.980099 ], [ 126.157755, -13.9978 ], [ 126.144305, -14.01499 ], [ 126.154145, -14.01915 ], [ 126.173325, -14.00972 ], [ 126.185025, -14.015809 ], [ 126.200705, -14.000949 ], [ 126.202245, -14.012578 ], [ 126.220415, -14.017498 ], [ 126.224715, -14.026419 ], [ 126.217475, -14.042929 ], [ 126.160256, -14.05754 ], [ 126.149526, -14.06751 ], [ 126.150826, -14.08016 ], [ 126.159126, -14.06873 ], [ 126.191856, -14.066269 ], [ 126.170376, -14.08214 ], [ 126.162547, -14.09899 ], [ 126.165707, -14.114239 ], [ 126.178147, -14.091379 ], [ 126.214206, -14.076488 ], [ 126.205797, -14.091539 ], [ 126.221697, -14.110478 ], [ 126.211997, -14.115918 ], [ 126.216517, -14.120878 ], [ 126.179398, -14.130359 ], [ 126.185678, -14.140388 ], [ 126.208928, -14.136488 ], [ 126.185969, -14.166938 ], [ 126.196429, -14.182728 ], [ 126.207869, -14.177048 ], [ 126.204649, -14.185188 ], [ 126.243279, -14.175718 ], [ 126.233119, -14.186808 ], [ 126.248049, -14.185637 ], [ 126.240099, -14.198087 ], [ 126.24812, -14.210717 ], [ 126.233399, -14.203647 ], [ 126.216, -14.236568 ], [ 126.23071, -14.237088 ], [ 126.24097, -14.223397 ], [ 126.25363, -14.239177 ], [ 126.2706, -14.221057 ], [ 126.27253, -14.207147 ], [ 126.26972, -14.236537 ], [ 126.28217, -14.216727 ], [ 126.30085, -14.233617 ], [ 126.312679, -14.201277 ], [ 126.318689, -14.197867 ], [ 126.323849, -14.207487 ], [ 126.339398, -14.192717 ], [ 126.360798, -14.189937 ], [ 126.353697, -14.177307 ], [ 126.323087, -14.158197 ], [ 126.320887, -14.140977 ], [ 126.305488, -14.154747 ], [ 126.304048, -14.138817 ], [ 126.297568, -14.138837 ], [ 126.315217, -14.119016 ], [ 126.314457, -14.097326 ], [ 126.345006, -14.098007 ], [ 126.343836, -14.058816 ], [ 126.334326, -14.050036 ], [ 126.371905, -14.045167 ], [ 126.394325, -14.051776 ], [ 126.387615, -14.037886 ], [ 126.396554, -14.014916 ], [ 126.425344, -14.012066 ], [ 126.438364, -13.982726 ], [ 126.446014, -14.002306 ], [ 126.454354, -14.005216 ], [ 126.485223, -13.995696 ], [ 126.495853, -13.977166 ], [ 126.495263, -13.957636 ], [ 126.511483, -13.964726 ], [ 126.536992, -13.934446 ], [ 126.554362, -13.951825 ], [ 126.565248, -13.944527 ], [ 126.565932, -13.954755 ], [ 126.539223, -13.964375 ], [ 126.508963, -14.008846 ], [ 126.491033, -14.008576 ], [ 126.487414, -14.028476 ], [ 126.497194, -14.045846 ], [ 126.483544, -14.047366 ], [ 126.449465, -14.083736 ], [ 126.454675, -14.103526 ], [ 126.478804, -14.109646 ], [ 126.481304, -14.097426 ], [ 126.492184, -14.098746 ], [ 126.511864, -14.086026 ], [ 126.513734, -14.075496 ], [ 126.525444, -14.081666 ], [ 126.525144, -14.092406 ], [ 126.499484, -14.100186 ], [ 126.499154, -14.130286 ], [ 126.517254, -14.147236 ], [ 126.515445, -14.157416 ], [ 126.537854, -14.147156 ], [ 126.555814, -14.151036 ], [ 126.569774, -14.139795 ], [ 126.574924, -14.154575 ], [ 126.562614, -14.169996 ], [ 126.570464, -14.194595 ], [ 126.564995, -14.216765 ], [ 126.575465, -14.228705 ], [ 126.601665, -14.235825 ], [ 126.610414, -14.198385 ], [ 126.606984, -14.180095 ], [ 126.633614, -14.191215 ], [ 126.651414, -14.173455 ], [ 126.647314, -14.137545 ], [ 126.660983, -14.114764 ], [ 126.644843, -14.077095 ], [ 126.663253, -14.078134 ], [ 126.685593, -14.103694 ], [ 126.689353, -14.091244 ], [ 126.686294, -14.131034 ], [ 126.693834, -14.134724 ], [ 126.719663, -14.120604 ], [ 126.717883, -14.104104 ], [ 126.710223, -14.100294 ], [ 126.718163, -14.090204 ], [ 126.729743, -14.092184 ], [ 126.737163, -14.070444 ], [ 126.723133, -14.065204 ], [ 126.762732, -14.050093 ], [ 126.747153, -14.031294 ], [ 126.753093, -14.016123 ], [ 126.745913, -14.014683 ], [ 126.757773, -14.016353 ], [ 126.753993, -14.011363 ], [ 126.738623, -14.013934 ], [ 126.723313, -14.029374 ], [ 126.701862, -14.021224 ], [ 126.695932, -13.999014 ], [ 126.706052, -13.973334 ], [ 126.728763, -13.996574 ], [ 126.751553, -13.991793 ], [ 126.750702, -13.972143 ], [ 126.768062, -13.975383 ], [ 126.772132, -13.983173 ], [ 126.786802, -13.970273 ], [ 126.796982, -13.972513 ], [ 126.789767, -13.975674 ], [ 126.791802, -13.983813 ], [ 126.798032, -13.976013 ], [ 126.807192, -13.986383 ], [ 126.793432, -13.989343 ], [ 126.801312, -13.992613 ], [ 126.810312, -13.984123 ], [ 126.810002, -13.997903 ], [ 126.817372, -13.982073 ], [ 126.838291, -13.971073 ], [ 126.878691, -13.982063 ], [ 126.882141, -13.998573 ], [ 126.905371, -13.985232 ], [ 126.865071, -13.945582 ], [ 126.840061, -13.937523 ], [ 126.839461, -13.927693 ], [ 126.805571, -13.930473 ], [ 126.809481, -13.916793 ], [ 126.799571, -13.883033 ], [ 126.772811, -13.860723 ], [ 126.758402, -13.826063 ], [ 126.760452, -13.808213 ], [ 126.743302, -13.791753 ], [ 126.766621, -13.776463 ], [ 126.757742, -13.786983 ], [ 126.767112, -13.787083 ], [ 126.764342, -13.791493 ], [ 126.778191, -13.781523 ], [ 126.789172, -13.791303 ], [ 126.794021, -13.776413 ], [ 126.81874, -13.769352 ], [ 126.818201, -13.784383 ], [ 126.8315, -13.786842 ], [ 126.826231, -13.808542 ], [ 126.84232, -13.816982 ], [ 126.84737, -13.797762 ], [ 126.87294, -13.799002 ], [ 126.85159, -13.774482 ], [ 126.851319, -13.758212 ], [ 126.86843, -13.761342 ], [ 126.87049, -13.751392 ], [ 126.881, -13.748662 ], [ 126.89779, -13.758672 ], [ 126.89758, -13.766352 ], [ 126.92047, -13.768332 ], [ 126.921769, -13.776122 ], [ 126.944399, -13.767592 ], [ 126.91439, -13.741232 ], [ 126.954289, -13.747572 ], [ 126.963289, -13.741672 ], [ 126.969558, -13.752502 ], [ 126.984018, -13.754161 ], [ 126.977909, -13.761412 ], [ 126.985739, -13.787482 ], [ 126.996269, -13.790842 ], [ 126.998279, -13.768691 ], [ 127.002059, -13.793992 ], [ 127.012349, -13.795772 ], [ 127.013479, -13.785372 ], [ 127.030769, -13.803962 ], [ 127.017699, -13.803552 ], [ 127.00607, -13.823782 ], [ 127.03046, -13.816962 ], [ 127.02598, -13.827032 ], [ 127.03664, -13.832081 ], [ 127.047079, -13.805722 ], [ 127.05582, -13.828181 ], [ 127.04578, -13.833411 ], [ 127.04432, -13.848891 ], [ 127.05751, -13.847831 ], [ 127.06857, -13.835941 ], [ 127.08142, -13.839971 ], [ 127.08112, -13.854541 ], [ 127.06508, -13.864191 ], [ 127.07666, -13.869811 ], [ 127.06058, -13.907921 ], [ 127.06935, -13.896161 ], [ 127.10285, -13.884301 ], [ 127.09864, -13.903301 ], [ 127.10932, -13.913881 ], [ 127.10076, -13.914021 ], [ 127.09386, -13.927381 ], [ 127.10461, -13.925311 ], [ 127.11147, -13.934441 ], [ 127.10769, -13.944621 ], [ 127.12274, -13.948191 ], [ 127.11377, -13.962791 ], [ 127.1175, -13.970581 ], [ 127.1272, -13.965691 ], [ 127.14288, -13.982251 ], [ 127.14503, -13.96687 ], [ 127.15313, -13.96707 ], [ 127.14823, -13.95613 ], [ 127.15764, -13.93373 ], [ 127.17878, -13.92586 ], [ 127.16625, -13.91788 ], [ 127.16981, -13.91064 ], [ 127.190729, -13.90401 ], [ 127.195539, -13.9223 ], [ 127.18623, -13.93883 ], [ 127.18989, -13.95723 ], [ 127.19522, -13.95947 ], [ 127.19875, -13.94477 ], [ 127.20775, -13.97359 ], [ 127.2143, -13.96649 ], [ 127.20702, -13.95661 ], [ 127.21044, -13.94462 ], [ 127.226629, -13.94252 ], [ 127.235169, -13.90781 ], [ 127.246709, -13.90042 ], [ 127.249049, -13.90685 ], [ 127.265579, -13.90193 ], [ 127.282769, -13.91926 ], [ 127.275789, -13.93797 ], [ 127.290699, -13.93381 ], [ 127.318129, -13.96116 ], [ 127.334408, -13.963249 ], [ 127.345758, -13.954949 ], [ 127.345279, -13.939549 ], [ 127.329579, -13.933659 ], [ 127.321859, -13.9147 ], [ 127.347398, -13.906579 ], [ 127.359788, -13.908669 ], [ 127.360578, -13.918919 ], [ 127.377458, -13.928029 ], [ 127.374108, -13.939149 ], [ 127.395568, -13.939479 ], [ 127.410758, -13.961389 ], [ 127.430068, -13.942949 ], [ 127.424978, -13.966699 ], [ 127.444448, -13.972489 ], [ 127.439628, -13.980189 ], [ 127.455478, -13.980239 ], [ 127.454258, -13.990069 ], [ 127.467208, -14.000889 ], [ 127.448538, -14.024779 ], [ 127.459268, -14.035099 ], [ 127.452509, -14.058779 ], [ 127.477548, -14.062309 ], [ 127.482908, -14.085069 ], [ 127.493398, -14.060719 ], [ 127.504618, -14.074668 ], [ 127.515198, -14.073068 ], [ 127.514428, -14.066278 ], [ 127.523668, -14.069278 ], [ 127.508498, -14.087828 ], [ 127.514828, -14.094188 ], [ 127.521018, -14.085418 ], [ 127.537568, -14.086318 ], [ 127.523918, -14.119788 ], [ 127.543498, -14.099808 ], [ 127.549568, -14.110468 ], [ 127.556778, -14.104638 ], [ 127.589128, -14.144257 ], [ 127.615928, -14.143657 ], [ 127.624628, -14.160547 ], [ 127.648428, -14.169617 ], [ 127.634228, -14.179437 ], [ 127.669848, -14.190547 ], [ 127.665328, -14.209727 ], [ 127.677248, -14.211607 ], [ 127.671778, -14.221567 ], [ 127.683728, -14.212327 ], [ 127.692188, -14.231927 ], [ 127.691198, -14.242767 ], [ 127.684628, -14.236627 ], [ 127.683198, -14.243397 ], [ 127.710598, -14.252707 ], [ 127.719348, -14.276646 ], [ 127.738237, -14.281346 ], [ 127.737617, -14.287785 ], [ 127.762677, -14.303185 ], [ 127.779667, -14.333224 ], [ 127.780117, -14.344414 ], [ 127.765877, -14.352134 ], [ 127.760697, -14.367134 ], [ 127.782117, -14.350534 ], [ 127.788277, -14.388424 ], [ 127.797077, -14.390954 ], [ 127.806517, -14.382534 ], [ 127.810467, -14.402104 ], [ 127.819307, -14.395824 ], [ 127.828427, -14.402544 ], [ 127.819757, -14.440574 ], [ 127.834657, -14.451954 ], [ 127.850137, -14.484474 ], [ 127.880247, -14.470844 ], [ 127.882267, -14.484754 ], [ 127.902097, -14.505064 ], [ 127.929266, -14.502854 ], [ 127.949346, -14.524204 ], [ 127.952566, -14.529414 ], [ 127.938877, -14.530134 ], [ 127.940227, -14.543374 ], [ 127.927367, -14.557995 ], [ 127.953527, -14.570555 ], [ 127.952637, -14.586036 ], [ 127.962707, -14.590376 ], [ 127.984806, -14.579635 ], [ 127.993046, -14.556164 ], [ 128.000516, -14.570555 ], [ 128.027856, -14.579275 ], [ 128.069336, -14.620711 ], [ 128.069376, -14.650229 ], [ 128.085937, -14.64689 ], [ 128.086787, -14.63898 ], [ 128.101917, -14.656341 ], [ 128.130907, -14.66414 ], [ 128.137237, -14.67762 ], [ 128.131267, -14.687091 ], [ 128.150207, -14.685579 ], [ 128.161137, -14.708009 ], [ 128.184217, -14.714649 ], [ 128.201207, -14.706468 ], [ 128.221707, -14.721238 ], [ 128.214227, -14.733188 ], [ 128.225111, -14.740276 ], [ 128.218437, -14.754568 ], [ 128.200627, -14.737549 ], [ 128.183877, -14.744259 ], [ 128.175206, -14.791808 ], [ 128.193996, -14.828048 ], [ 128.192446, -14.838658 ], [ 128.151186, -14.841889 ], [ 128.118506, -14.86134 ], [ 128.122946, -14.87104 ], [ 128.139096, -14.870769 ], [ 128.107867, -14.946912 ], [ 128.113357, -14.993273 ], [ 128.100067, -15.011153 ], [ 128.101407, -15.037263 ], [ 128.094407, -15.044714 ], [ 128.103087, -15.064504 ], [ 128.092127, -15.070924 ], [ 128.074948, -15.103994 ], [ 128.083549, -15.152394 ], [ 128.098879, -15.167344 ], [ 128.09167, -15.214224 ], [ 128.080241, -15.233044 ], [ 128.087771, -15.237614 ], [ 128.081921, -15.258505 ], [ 128.092781, -15.281025 ], [ 128.065941, -15.301185 ], [ 128.044771, -15.288255 ], [ 128.040359, -15.292772 ], [ 128.066031, -15.312265 ], [ 128.067131, -15.335325 ], [ 128.08663, -15.366225 ], [ 128.08936, -15.390305 ], [ 128.07736, -15.433896 ], [ 128.05241, -15.479496 ], [ 128.01949, -15.494326 ], [ 127.99553, -15.514146 ], [ 127.99878, -15.518106 ], [ 128.01842, -15.501776 ], [ 128.06812, -15.492076 ], [ 128.0964, -15.467166 ], [ 128.11433, -15.427996 ], [ 128.12471, -15.375356 ], [ 128.128171, -15.291725 ], [ 128.11613, -15.260055 ], [ 128.100201, -15.250185 ], [ 128.11514, -15.234624 ], [ 128.11008, -15.209634 ], [ 128.128299, -15.183684 ], [ 128.188169, -15.228784 ], [ 128.258018, -15.306325 ], [ 128.256028, -15.316375 ], [ 128.281608, -15.345915 ], [ 128.281309, -15.390565 ], [ 128.296279, -15.431045 ], [ 128.292269, -15.459855 ], [ 128.321489, -15.487814 ], [ 128.327369, -15.505114 ], [ 128.341638, -15.501284 ], [ 128.329629, -15.501044 ], [ 128.324288, -15.483854 ], [ 128.299139, -15.460205 ], [ 128.307258, -15.413995 ], [ 128.295269, -15.401315 ], [ 128.292298, -15.363675 ], [ 128.300758, -15.319724 ], [ 128.278108, -15.278554 ], [ 128.239588, -15.247524 ], [ 128.220238, -15.203753 ], [ 128.221067, -15.130853 ], [ 128.194027, -15.093513 ], [ 128.228166, -15.003152 ], [ 128.265466, -14.982582 ], [ 128.289216, -14.974082 ], [ 128.307286, -14.994602 ], [ 128.324676, -15.036072 ], [ 128.331196, -15.035402 ], [ 128.314716, -14.995872 ], [ 128.292496, -14.966752 ], [ 128.295856, -14.937371 ], [ 128.313916, -14.925681 ], [ 128.323066, -14.933171 ], [ 128.328045, -14.974102 ], [ 128.361855, -15.066602 ], [ 128.373975, -15.061442 ], [ 128.364115, -15.040862 ], [ 128.358105, -14.991272 ], [ 128.378605, -15.000572 ], [ 128.410375, -15.032072 ], [ 128.387495, -14.997802 ], [ 128.349105, -14.967962 ], [ 128.358205, -14.885031 ], [ 128.368655, -14.889931 ], [ 128.401045, -14.938512 ], [ 128.418915, -14.950322 ], [ 128.429984, -14.980532 ], [ 128.448614, -15.002052 ], [ 128.455874, -14.995642 ], [ 128.438024, -14.974452 ], [ 128.419215, -14.927722 ], [ 128.417765, -14.904322 ], [ 128.402385, -14.878961 ], [ 128.421665, -14.881731 ], [ 128.473884, -14.956702 ], [ 128.501724, -14.978472 ], [ 128.511423, -15.013612 ], [ 128.518983, -15.014752 ], [ 128.507784, -14.973742 ], [ 128.470344, -14.931262 ], [ 128.477134, -14.911612 ], [ 128.466974, -14.889092 ], [ 128.427475, -14.841061 ], [ 128.395465, -14.821751 ], [ 128.380945, -14.8234 ], [ 128.393426, -14.80445 ], [ 128.418545, -14.795261 ], [ 128.436395, -14.812151 ], [ 128.465935, -14.799691 ], [ 128.475265, -14.786151 ], [ 128.485125, -14.791381 ], [ 128.506635, -14.781042 ], [ 128.535895, -14.786992 ], [ 128.528475, -14.779962 ], [ 128.550455, -14.767932 ], [ 128.554145, -14.780822 ], [ 128.588494, -14.797402 ], [ 128.587074, -14.807682 ], [ 128.596034, -14.800692 ], [ 128.623444, -14.803922 ], [ 128.627874, -14.798952 ], [ 128.608834, -14.789872 ], [ 128.613484, -14.787402 ], [ 128.678874, -14.795782 ], [ 128.718104, -14.816083 ], [ 128.718904, -14.826593 ], [ 128.738404, -14.839283 ], [ 128.777323, -14.840583 ], [ 128.767903, -14.853113 ], [ 128.777203, -14.847483 ], [ 128.787763, -14.860493 ], [ 128.789163, -14.851453 ], [ 128.793573, -14.860273 ], [ 128.808563, -14.856453 ], [ 128.818893, -14.866523 ], [ 128.827503, -14.855683 ], [ 128.830403, -14.864053 ], [ 128.832733, -14.858293 ], [ 128.906063, -14.855543 ], [ 128.914072, -14.858483 ], [ 128.912912, -14.867303 ], [ 128.916392, -14.862673 ], [ 128.931732, -14.872743 ], [ 128.953922, -14.872753 ], [ 128.967402, -14.884743 ], [ 128.972172, -14.876613 ], [ 129.001242, -14.879473 ], [ 129.00134, -31.687068 ], [ 128.896362, -31.717043 ], [ 128.706703, -31.808653 ], [ 128.642335, -31.850935 ], [ 128.55175, -31.878161 ], [ 128.494827, -31.911905 ], [ 128.314269, -31.979367 ], [ 128.022372, -32.073979 ], [ 127.705705, -32.136702 ], [ 127.585376, -32.175053 ], [ 127.548597, -32.190753 ], [ 127.518817, -32.214124 ], [ 127.452078, -32.222294 ], [ 127.32596, -32.256526 ], [ 127.213371, -32.276387 ], [ 127.089312, -32.280569 ], [ 126.956523, -32.297599 ], [ 126.772578, -32.292341 ], [ 126.73424, -32.305883 ], [ 126.672789, -32.308371 ], [ 126.422025, -32.284084 ], [ 126.203139, -32.232277 ], [ 126.160689, -32.237738 ], [ 126.081171, -32.27512 ], [ 126.037052, -32.268591 ], [ 125.95101, -32.290542 ], [ 125.801225, -32.366725 ], [ 125.53206, -32.549232 ], [ 125.48507, -32.559642 ], [ 125.439021, -32.582893 ], [ 125.315272, -32.607915 ], [ 125.230343, -32.643236 ], [ 125.102415, -32.715398 ], [ 125.026186, -32.728859 ], [ 124.993076, -32.7627 ], [ 124.928047, -32.794161 ], [ 124.894578, -32.832831 ], [ 124.814039, -32.872863 ], [ 124.741, -32.900144 ], [ 124.393573, -32.949078 ], [ 124.305384, -32.98091 ], [ 124.238655, -33.017591 ], [ 124.154307, -33.096063 ], [ 124.101189, -33.176154 ], [ 124.07911, -33.249225 ], [ 123.998, -33.426375 ], [ 123.97602, -33.558606 ], [ 123.935731, -33.576858 ], [ 123.930731, -33.586658 ], [ 123.875072, -33.599018 ], [ 123.866822, -33.618738 ], [ 123.877712, -33.633178 ], [ 123.810233, -33.664769 ], [ 123.774417, -33.698186 ], [ 123.756934, -33.723069 ], [ 123.747493, -33.76533 ], [ 123.749193, -33.78314 ], [ 123.764154, -33.79524 ], [ 123.742364, -33.809171 ], [ 123.707623, -33.81642 ], [ 123.693654, -33.831491 ], [ 123.656293, -33.84695 ], [ 123.639134, -33.877 ], [ 123.573375, -33.887731 ], [ 123.558005, -33.906052 ], [ 123.553025, -33.927792 ], [ 123.534286, -33.940132 ], [ 123.512086, -33.942523 ], [ 123.508005, -33.922102 ], [ 123.474015, -33.906182 ], [ 123.412296, -33.893833 ], [ 123.371446, -33.895893 ], [ 123.330286, -33.918783 ], [ 123.328676, -33.934673 ], [ 123.299967, -33.953684 ], [ 123.303027, -33.961144 ], [ 123.286897, -33.979874 ], [ 123.275427, -33.975864 ], [ 123.251957, -33.997484 ], [ 123.227257, -33.988924 ], [ 123.212948, -34.001854 ], [ 123.163068, -34.016635 ], [ 123.151988, -34.010635 ], [ 123.165398, -34.008405 ], [ 123.172148, -33.989535 ], [ 123.148458, -33.976295 ], [ 123.162437, -33.968564 ], [ 123.161067, -33.945934 ], [ 123.134157, -33.917684 ], [ 123.139767, -33.911514 ], [ 123.133887, -33.904374 ], [ 123.083117, -33.871534 ], [ 123.022718, -33.856644 ], [ 123.004848, -33.870814 ], [ 123.002258, -33.885514 ], [ 122.979058, -33.887415 ], [ 122.975888, -33.902315 ], [ 122.970008, -33.890045 ], [ 122.935088, -33.886105 ], [ 122.829389, -33.909975 ], [ 122.812679, -33.889385 ], [ 122.773819, -33.877735 ], [ 122.754619, -33.881275 ], [ 122.747759, -33.895826 ], [ 122.669819, -33.888616 ], [ 122.65346, -33.889316 ], [ 122.64927, -33.897436 ], [ 122.61869, -33.892836 ], [ 122.59801, -33.902436 ], [ 122.6014, -33.913366 ], [ 122.59165, -33.909656 ], [ 122.58165, -33.916316 ], [ 122.58558, -33.932886 ], [ 122.59736, -33.937277 ], [ 122.58072, -33.945177 ], [ 122.57653, -33.955217 ], [ 122.58263, -33.958037 ], [ 122.57153, -33.961417 ], [ 122.57504, -33.948337 ], [ 122.56082, -33.944847 ], [ 122.55757, -33.936617 ], [ 122.53605, -33.935267 ], [ 122.50966, -33.953417 ], [ 122.50072, -33.936507 ], [ 122.49111, -33.938987 ], [ 122.444431, -33.919227 ], [ 122.364201, -33.913517 ], [ 122.349301, -33.921837 ], [ 122.354151, -33.933118 ], [ 122.326281, -33.928908 ], [ 122.274502, -33.959478 ], [ 122.268242, -33.968148 ], [ 122.280641, -33.989818 ], [ 122.277312, -34.000749 ], [ 122.264102, -33.995879 ], [ 122.249432, -34.004599 ], [ 122.243791, -33.994139 ], [ 122.227021, -33.988009 ], [ 122.211532, -34.008729 ], [ 122.209432, -34.000759 ], [ 122.197792, -34.000309 ], [ 122.200762, -34.008499 ], [ 122.188992, -34.008159 ], [ 122.193252, -34.017189 ], [ 122.171452, -34.011419 ], [ 122.165303, -34.002439 ], [ 122.156563, -34.013559 ], [ 122.136743, -34.006599 ], [ 122.113573, -34.017199 ], [ 122.112523, -34.000369 ], [ 122.093293, -34.002839 ], [ 122.093193, -33.993929 ], [ 122.109852, -33.992519 ], [ 122.118982, -33.980029 ], [ 122.085382, -33.902798 ], [ 122.030782, -33.844979 ], [ 122.001002, -33.829299 ], [ 121.986272, -33.829229 ], [ 121.982962, -33.839139 ], [ 121.956102, -33.833489 ], [ 121.915102, -33.838259 ], [ 121.893972, -33.863519 ], [ 121.901804, -33.87258 ], [ 121.908096, -33.867508 ], [ 121.900482, -33.878999 ], [ 121.874532, -33.876839 ], [ 121.863402, -33.881959 ], [ 121.864832, -33.890649 ], [ 121.829272, -33.888879 ], [ 121.789874, -33.909049 ], [ 121.756933, -33.885968 ], [ 121.763143, -33.886908 ], [ 121.695084, -33.86121 ], [ 121.676684, -33.863118 ], [ 121.674814, -33.874485 ], [ 121.644684, -33.898179 ], [ 121.646554, -33.887368 ], [ 121.627666, -33.86931 ], [ 121.546584, -33.82799 ], [ 121.531603, -33.825729 ], [ 121.504836, -33.839601 ], [ 121.467732, -33.822859 ], [ 121.459999, -33.828358 ], [ 121.435524, -33.82008 ], [ 121.428551, -33.830231 ], [ 121.361874, -33.815443 ], [ 121.350196, -33.82025 ], [ 121.349451, -33.830252 ], [ 121.323819, -33.821575 ], [ 121.298993, -33.825045 ], [ 121.296339, -33.840199 ], [ 121.2759, -33.842241 ], [ 121.268492, -33.850711 ], [ 121.198696, -33.844581 ], [ 121.177135, -33.877608 ], [ 121.172767, -33.867086 ], [ 121.099835, -33.848509 ], [ 121.083487, -33.851131 ], [ 121.079426, -33.8623 ], [ 121.013914, -33.860947 ], [ 121.007921, -33.872749 ], [ 120.939765, -33.862264 ], [ 120.918118, -33.870538 ], [ 120.906146, -33.861448 ], [ 120.868536, -33.85626 ], [ 120.841095, -33.865697 ], [ 120.840007, -33.873364 ], [ 120.811364, -33.886397 ], [ 120.813474, -33.89265 ], [ 120.779753, -33.885942 ], [ 120.712683, -33.893222 ], [ 120.671874, -33.885044 ], [ 120.639, -33.891729 ], [ 120.593472, -33.886246 ], [ 120.55337, -33.903171 ], [ 120.562314, -33.920466 ], [ 120.558378, -33.926413 ], [ 120.518014, -33.935412 ], [ 120.494711, -33.953202 ], [ 120.471276, -33.956781 ], [ 120.469348, -33.966734 ], [ 120.447181, -33.963548 ], [ 120.43657, -33.971882 ], [ 120.315466, -33.942267 ], [ 120.231065, -33.932406 ], [ 120.176725, -33.934825 ], [ 120.126592, -33.954487 ], [ 120.042168, -33.923368 ], [ 120.011342, -33.936773 ], [ 119.991368, -33.935898 ], [ 119.984181, -33.954596 ], [ 119.967498, -33.95607 ], [ 119.944395, -33.977887 ], [ 119.920455, -33.968332 ], [ 119.850753, -33.969836 ], [ 119.81637, -33.983476 ], [ 119.788001, -34.005408 ], [ 119.781732, -34.026733 ], [ 119.750434, -34.040828 ], [ 119.73385, -34.060742 ], [ 119.710912, -34.061702 ], [ 119.681199, -34.081399 ], [ 119.650299, -34.087697 ], [ 119.634353, -34.102267 ], [ 119.640269, -34.11263 ], [ 119.597462, -34.134587 ], [ 119.578523, -34.160146 ], [ 119.587825, -34.170846 ], [ 119.534915, -34.221382 ], [ 119.503722, -34.288015 ], [ 119.482109, -34.279528 ], [ 119.45712, -34.289075 ], [ 119.461742, -34.295256 ], [ 119.469828, -34.288846 ], [ 119.486654, -34.295244 ], [ 119.503207, -34.29035 ], [ 119.499148, -34.330005 ], [ 119.507448, -34.359128 ], [ 119.528815, -34.364261 ], [ 119.54184, -34.382834 ], [ 119.569888, -34.376625 ], [ 119.576278, -34.387181 ], [ 119.54744, -34.389647 ], [ 119.502718, -34.411473 ], [ 119.478108, -34.40216 ], [ 119.492468, -34.393046 ], [ 119.482512, -34.375228 ], [ 119.453434, -34.378806 ], [ 119.441935, -34.366471 ], [ 119.415734, -34.373289 ], [ 119.398674, -34.386873 ], [ 119.407986, -34.395823 ], [ 119.390842, -34.419446 ], [ 119.403232, -34.426487 ], [ 119.397248, -34.440185 ], [ 119.402417, -34.4525 ], [ 119.418618, -34.458921 ], [ 119.39019, -34.459595 ], [ 119.382143, -34.485365 ], [ 119.355734, -34.474705 ], [ 119.36619, -34.462483 ], [ 119.346392, -34.446224 ], [ 119.289851, -34.45198 ], [ 119.271141, -34.469061 ], [ 119.279837, -34.476825 ], [ 119.277469, -34.490228 ], [ 119.288592, -34.493436 ], [ 119.284847, -34.513085 ], [ 119.277191, -34.515537 ], [ 119.27886, -34.523533 ], [ 119.266819, -34.515404 ], [ 119.257808, -34.51887 ], [ 119.25449, -34.5346 ], [ 119.222245, -34.531332 ], [ 119.23936, -34.516177 ], [ 119.217883, -34.497961 ], [ 119.180712, -34.485889 ], [ 119.17354, -34.494425 ], [ 119.15223, -34.494511 ], [ 119.117503, -34.47012 ], [ 119.069109, -34.458813 ], [ 119.058059, -34.463512 ], [ 118.960905, -34.451277 ], [ 118.911791, -34.462878 ], [ 118.900958, -34.47644 ], [ 118.912935, -34.488036 ], [ 118.905782, -34.496859 ], [ 118.914168, -34.503178 ], [ 118.856164, -34.501178 ], [ 118.811598, -34.509473 ], [ 118.755351, -34.545573 ], [ 118.739631, -34.573564 ], [ 118.745441, -34.593669 ], [ 118.781709, -34.609001 ], [ 118.751991, -34.622448 ], [ 118.745957, -34.638323 ], [ 118.722385, -34.656893 ], [ 118.701391, -34.654836 ], [ 118.666082, -34.667801 ], [ 118.645197, -34.691221 ], [ 118.620074, -34.6866 ], [ 118.579204, -34.705715 ], [ 118.561918, -34.703689 ], [ 118.519837, -34.717451 ], [ 118.440144, -34.760757 ], [ 118.400428, -34.823854 ], [ 118.397075, -34.876645 ], [ 118.422406, -34.881459 ], [ 118.427747, -34.898744 ], [ 118.402601, -34.905161 ], [ 118.403425, -34.916704 ], [ 118.389714, -34.915 ], [ 118.390579, -34.907659 ], [ 118.378616, -34.902794 ], [ 118.339161, -34.90269 ], [ 118.331264, -34.898061 ], [ 118.334039, -34.891437 ], [ 118.32091, -34.904264 ], [ 118.298682, -34.903639 ], [ 118.299691, -34.911858 ], [ 118.259873, -34.908552 ], [ 118.254962, -34.918009 ], [ 118.223654, -34.919858 ], [ 118.20681, -34.93499 ], [ 118.210999, -34.943949 ], [ 118.175323, -34.940093 ], [ 118.172558, -34.967746 ], [ 118.182607, -34.972948 ], [ 118.190393, -34.967373 ], [ 118.2107, -34.978845 ], [ 118.212122, -34.989093 ], [ 118.199929, -35.0035 ], [ 118.2059, -35.009216 ], [ 118.194646, -35.023122 ], [ 118.187455, -35.024623 ], [ 118.192117, -35.01349 ], [ 118.17698, -35.013817 ], [ 118.167453, -34.995229 ], [ 118.108758, -34.985902 ], [ 118.07182, -34.993908 ], [ 118.034801, -35.020426 ], [ 118.004005, -35.020806 ], [ 117.998839, -35.010009 ], [ 117.961875, -35.01313 ], [ 117.948802, -35.001889 ], [ 117.97971, -34.990929 ], [ 117.97342, -34.960262 ], [ 117.976718, -34.951961 ], [ 117.94893, -34.94365 ], [ 117.946188, -34.980004 ], [ 117.939387, -34.985854 ], [ 117.948679, -34.998172 ], [ 117.918679, -35.016578 ], [ 117.919537, -35.035785 ], [ 117.859596, -35.026856 ], [ 117.848248, -35.044897 ], [ 117.854368, -35.056429 ], [ 117.86786, -35.05721 ], [ 117.887888, -35.077541 ], [ 117.90929, -35.084445 ], [ 117.927854, -35.072885 ], [ 117.927755, -35.062451 ], [ 117.910393, -35.053563 ], [ 117.920354, -35.04087 ], [ 117.918972, -35.051111 ], [ 117.938926, -35.059312 ], [ 117.934674, -35.075488 ], [ 117.943593, -35.091664 ], [ 117.979115, -35.096385 ], [ 118.00226, -35.087523 ], [ 118.021209, -35.107929 ], [ 118.005966, -35.098825 ], [ 117.976193, -35.098641 ], [ 117.96721, -35.104098 ], [ 117.969247, -35.114578 ], [ 117.948254, -35.128275 ], [ 117.940863, -35.114699 ], [ 117.924451, -35.121839 ], [ 117.904428, -35.11468 ], [ 117.898808, -35.123447 ], [ 117.885538, -35.110087 ], [ 117.865886, -35.109255 ], [ 117.838897, -35.08732 ], [ 117.762152, -35.054515 ], [ 117.70938, -35.044846 ], [ 117.699847, -35.051865 ], [ 117.685596, -35.043346 ], [ 117.644602, -35.062122 ], [ 117.65139, -35.083771 ], [ 117.637161, -35.088609 ], [ 117.628417, -35.112842 ], [ 117.641724, -35.125584 ], [ 117.639695, -35.134481 ], [ 117.629383, -35.127747 ], [ 117.611236, -35.133337 ], [ 117.605589, -35.115308 ], [ 117.548633, -35.082535 ], [ 117.514358, -35.074613 ], [ 117.512349, -35.083117 ], [ 117.48526, -35.08897 ], [ 117.479131, -35.073569 ], [ 117.397478, -35.031978 ], [ 117.362834, -35.01957 ], [ 117.332467, -35.022812 ], [ 117.356851, -35.005152 ], [ 117.395747, -34.998141 ], [ 117.398633, -35.008141 ], [ 117.428481, -35.021619 ], [ 117.465766, -35.020544 ], [ 117.451558, -35.010066 ], [ 117.468887, -35.006501 ], [ 117.479563, -34.993528 ], [ 117.471867, -34.975857 ], [ 117.455199, -34.966957 ], [ 117.429064, -34.986071 ], [ 117.404886, -34.973502 ], [ 117.369155, -34.969487 ], [ 117.354753, -34.99305 ], [ 117.348802, -34.987004 ], [ 117.334227, -34.993712 ], [ 117.337073, -35.004901 ], [ 117.326428, -35.017387 ], [ 117.337031, -35.034639 ], [ 117.326067, -35.043897 ], [ 117.272123, -35.021075 ], [ 117.247599, -35.029324 ], [ 117.195241, -35.017104 ], [ 117.164713, -35.026958 ], [ 117.164299, -35.04477 ], [ 117.153613, -35.047796 ], [ 117.150469, -35.06148 ], [ 117.097947, -35.032434 ], [ 117.073378, -35.031838 ], [ 117.070851, -35.038305 ], [ 117.06022, -35.028717 ], [ 117.033503, -35.025066 ], [ 117.018925, -35.035512 ], [ 116.956844, -35.019364 ], [ 116.934394, -35.034983 ], [ 116.921228, -35.064349 ], [ 116.884551, -35.047809 ], [ 116.865924, -35.048489 ], [ 116.861987, -35.056622 ], [ 116.846365, -35.049388 ], [ 116.844353, -35.04029 ], [ 116.826937, -35.043292 ], [ 116.810454, -35.025767 ], [ 116.768273, -35.014721 ], [ 116.741921, -35.022506 ], [ 116.737367, -35.030423 ], [ 116.745407, -35.037401 ], [ 116.726477, -35.041398 ], [ 116.707198, -35.028956 ], [ 116.658079, -35.051438 ], [ 116.645501, -35.047159 ], [ 116.630374, -35.060835 ], [ 116.629858, -35.046301 ], [ 116.610312, -35.033281 ], [ 116.572295, -35.033018 ], [ 116.574846, -35.024375 ], [ 116.532847, -35.004438 ], [ 116.517875, -35.002217 ], [ 116.498432, -35.015451 ], [ 116.481664, -35.016156 ], [ 116.468516, -34.995666 ], [ 116.383109, -34.948639 ], [ 116.370284, -34.934423 ], [ 116.289466, -34.899747 ], [ 116.261291, -34.879922 ], [ 116.189752, -34.861078 ], [ 116.133605, -34.844361 ], [ 116.096924, -34.848358 ], [ 116.029668, -34.836755 ], [ 116.002145, -34.842218 ], [ 115.996733, -34.830896 ], [ 116.002664, -34.812392 ], [ 115.961779, -34.7622 ], [ 115.962426, -34.743911 ], [ 115.94719, -34.720824 ], [ 115.74301, -34.538714 ], [ 115.669869, -34.480925 ], [ 115.577862, -34.422088 ], [ 115.558774, -34.415108 ], [ 115.540859, -34.423087 ], [ 115.542264, -34.414241 ], [ 115.520254, -34.396852 ], [ 115.478856, -34.38174 ], [ 115.41791, -34.342289 ], [ 115.345406, -34.316212 ], [ 115.262563, -34.306793 ], [ 115.168887, -34.321749 ], [ 115.16529, -34.301376 ], [ 115.201944, -34.277636 ], [ 115.169115, -34.279554 ], [ 115.165207, -34.273688 ], [ 115.176676, -34.265659 ], [ 115.156042, -34.27519 ], [ 115.160423, -34.294769 ], [ 115.143848, -34.289482 ], [ 115.148446, -34.29862 ], [ 115.160073, -34.298014 ], [ 115.164672, -34.32284 ], [ 115.172977, -34.322976 ], [ 115.166376, -34.356796 ], [ 115.157864, -34.369036 ], [ 115.140164, -34.368932 ], [ 115.133997, -34.376086 ], [ 115.137026, -34.364311 ], [ 115.124006, -34.355632 ], [ 115.119138, -34.340947 ], [ 115.050556, -34.275425 ], [ 115.034056, -34.270426 ], [ 115.033996, -34.259112 ], [ 115.02375, -34.253029 ], [ 115.03289, -34.237263 ], [ 115.02441, -34.222803 ], [ 115.039132, -34.198194 ], [ 115.019226, -34.139158 ], [ 114.991097, -34.098468 ], [ 115.00414, -34.081449 ], [ 114.997143, -34.068884 ], [ 115.000795, -34.015397 ], [ 114.979878, -33.961428 ], [ 114.991902, -33.953541 ], [ 114.992227, -33.932673 ], [ 114.97595, -33.864183 ], [ 114.986936, -33.863803 ], [ 114.993979, -33.848482 ], [ 115.000101, -33.794171 ], [ 114.975079, -33.698053 ], [ 114.990486, -33.696245 ], [ 114.994782, -33.669383 ], [ 115.019396, -33.656495 ], [ 115.028268, -33.634152 ], [ 115.003842, -33.561071 ], [ 115.011321, -33.556435 ], [ 115.003732, -33.530913 ], [ 115.054693, -33.54389 ], [ 115.065085, -33.558402 ], [ 115.088836, -33.568289 ], [ 115.102544, -33.586192 ], [ 115.104741, -33.605905 ], [ 115.123254, -33.623884 ], [ 115.20671, -33.65104 ], [ 115.299974, -33.654816 ], [ 115.367242, -33.639391 ], [ 115.42754, -33.608303 ], [ 115.573649, -33.453763 ], [ 115.59896, -33.409616 ], [ 115.635818, -33.30876 ], [ 115.646148, -33.300987 ], [ 115.636594, -33.312083 ], [ 115.647727, -33.306299 ], [ 115.639797, -33.31873 ], [ 115.66626, -33.322086 ], [ 115.657587, -33.317936 ], [ 115.670186, -33.306926 ], [ 115.681022, -33.275255 ], [ 115.687753, -33.108628 ], [ 115.673712, -32.998787 ], [ 115.632637, -32.833887 ], [ 115.608247, -32.666719 ], [ 115.627811, -32.599548 ], [ 115.671224, -32.56231 ], [ 115.700593, -32.520285 ], [ 115.710538, -32.520568 ], [ 115.717609, -32.557609 ], [ 115.671098, -32.575175 ], [ 115.665989, -32.586427 ], [ 115.672846, -32.593901 ], [ 115.645158, -32.608198 ], [ 115.641006, -32.618505 ], [ 115.655459, -32.672297 ], [ 115.671585, -32.700305 ], [ 115.672598, -32.728078 ], [ 115.68349, -32.750622 ], [ 115.696618, -32.754281 ], [ 115.692719, -32.767689 ], [ 115.712431, -32.78772 ], [ 115.713302, -32.772867 ], [ 115.72587, -32.781745 ], [ 115.726835, -32.753347 ], [ 115.710236, -32.741358 ], [ 115.7139, -32.728879 ], [ 115.697351, -32.690617 ], [ 115.686051, -32.68291 ], [ 115.684698, -32.653378 ], [ 115.667165, -32.634585 ], [ 115.666353, -32.615729 ], [ 115.676878, -32.616449 ], [ 115.704125, -32.643751 ], [ 115.724219, -32.63188 ], [ 115.747016, -32.646339 ], [ 115.773706, -32.6359 ], [ 115.767298, -32.627021 ], [ 115.775445, -32.624448 ], [ 115.770639, -32.617785 ], [ 115.7775, -32.596343 ], [ 115.762888, -32.59077 ], [ 115.766264, -32.581562 ], [ 115.755304, -32.564816 ], [ 115.718518, -32.564406 ], [ 115.720931, -32.527227 ], [ 115.712251, -32.525898 ], [ 115.721732, -32.523097 ], [ 115.71174, -32.521401 ], [ 115.723856, -32.519919 ], [ 115.7379, -32.501939 ], [ 115.750188, -32.43962 ], [ 115.743892, -32.40349 ], [ 115.712858, -32.370174 ], [ 115.736117, -32.362418 ], [ 115.74334, -32.333568 ], [ 115.730675, -32.310271 ], [ 115.701554, -32.305276 ], [ 115.701971, -32.282413 ], [ 115.684747, -32.265981 ], [ 115.706381, -32.275911 ], [ 115.736703, -32.269668 ], [ 115.756059, -32.250033 ], [ 115.755697, -32.223666 ], [ 115.774567, -32.193807 ], [ 115.765778, -32.140146 ], [ 115.73734, -32.134952 ], [ 115.755948, -32.129549 ], [ 115.762755, -32.109293 ], [ 115.742605, -32.064983 ], [ 115.749349, -32.070524 ], [ 115.742713, -32.062433 ], [ 115.739558, -32.063556 ], [ 115.740895, -32.05698 ], [ 115.732237, -32.055678 ], [ 115.760307, -32.040541 ], [ 115.76191, -32.026658 ], [ 115.777515, -32.028549 ], [ 115.786705, -32.010957 ], [ 115.813354, -32.022324 ], [ 115.814353, -32.029068 ], [ 115.826885, -32.02126 ], [ 115.82881, -32.006402 ], [ 115.846419, -32.001719 ], [ 115.860631, -32.045816 ], [ 115.86073, -32.037752 ], [ 115.8718, -32.031126 ], [ 115.857253, -32.031184 ], [ 115.845083, -31.965227 ], [ 115.863766, -31.974657 ], [ 115.883729, -31.969067 ], [ 115.891098, -31.962323 ], [ 115.885924, -31.940556 ], [ 115.89873, -31.953675 ], [ 115.914832, -31.951167 ], [ 115.918992, -31.94427 ], [ 115.91012, -31.935993 ], [ 115.936307, -31.931023 ], [ 115.941252, -31.920401 ], [ 115.951409, -31.923068 ], [ 115.964464, -31.908432 ], [ 115.958636, -31.895333 ], [ 115.974023, -31.893722 ], [ 115.958093, -31.895192 ], [ 115.961648, -31.911327 ], [ 115.950687, -31.922417 ], [ 115.941162, -31.91977 ], [ 115.936201, -31.92998 ], [ 115.908899, -31.934846 ], [ 115.914072, -31.95032 ], [ 115.899614, -31.951452 ], [ 115.897619, -31.940933 ], [ 115.884725, -31.938378 ], [ 115.883369, -31.966952 ], [ 115.855654, -31.958692 ], [ 115.842509, -31.963201 ], [ 115.822208, -31.976327 ], [ 115.82892, -31.987108 ], [ 115.804136, -32.002921 ], [ 115.79178, -32.004937 ], [ 115.786605, -31.991033 ], [ 115.773792, -31.989209 ], [ 115.771548, -32.009255 ], [ 115.779784, -32.018867 ], [ 115.755784, -32.025531 ], [ 115.758386, -32.038878 ], [ 115.724374, -32.054056 ], [ 115.750832, -32.022301 ], [ 115.751671, -31.848348 ], [ 115.743804, -31.827846 ], [ 115.732048, -31.823784 ], [ 115.740716, -31.824089 ], [ 115.733569, -31.823462 ], [ 115.727443, -31.806066 ], [ 115.729627, -31.765771 ], [ 115.685783, -31.653709 ], [ 115.635222, -31.565635 ], [ 115.579799, -31.496324 ], [ 115.539123, -31.40829 ], [ 115.441094, -31.277796 ], [ 115.399236, -31.180369 ], [ 115.383226, -31.121401 ], [ 115.326427, -31.027856 ], [ 115.328329, -31.010648 ], [ 115.312809, -30.973147 ], [ 115.219791, -30.832686 ], [ 115.204504, -30.823381 ], [ 115.189756, -30.82495 ], [ 115.183259, -30.771888 ], [ 115.102005, -30.601752 ], [ 115.103602, -30.591548 ], [ 115.087663, -30.578365 ], [ 115.094402, -30.548793 ], [ 115.07514, -30.517769 ], [ 115.057946, -30.510248 ], [ 115.071196, -30.478059 ], [ 115.050572, -30.424339 ], [ 115.042, -30.337814 ], [ 115.020472, -30.317383 ], [ 115.046093, -30.291215 ], [ 115.042629, -30.273825 ], [ 115.028083, -30.23742 ], [ 114.994298, -30.231289 ], [ 114.998978, -30.223438 ], [ 114.991893, -30.183963 ], [ 114.998686, -30.182588 ], [ 115.00622, -30.159243 ], [ 115.001771, -30.132213 ], [ 114.984038, -30.079087 ], [ 114.963037, -30.072159 ], [ 114.965309, -30.054523 ], [ 114.954846, -30.048851 ], [ 114.969522, -30.007584 ], [ 114.962836, -29.973929 ], [ 114.977788, -29.945078 ], [ 114.982742, -29.911024 ], [ 114.98098, -29.845405 ], [ 114.96483, -29.808755 ], [ 114.959298, -29.770488 ], [ 114.957949, -29.683704 ], [ 114.977133, -29.55739 ], [ 114.997224, -29.513595 ], [ 114.997569, -29.493548 ], [ 114.95634, -29.397405 ], [ 114.954247, -29.352185 ], [ 114.926874, -29.312732 ], [ 114.914436, -29.277415 ], [ 114.922057, -29.270183 ], [ 114.920793, -29.255486 ], [ 114.872084, -29.116741 ], [ 114.831984, -29.066018 ], [ 114.637438, -28.87771 ], [ 114.62399, -28.843587 ], [ 114.628663, -28.830535 ], [ 114.612243, -28.795347 ], [ 114.576178, -28.784586 ], [ 114.587491, -28.77082 ], [ 114.605975, -28.774909 ], [ 114.614754, -28.762725 ], [ 114.618976, -28.719306 ], [ 114.605724, -28.686676 ], [ 114.612666, -28.665159 ], [ 114.596573, -28.611563 ], [ 114.533698, -28.494488 ], [ 114.454641, -28.41026 ], [ 114.465639, -28.407306 ], [ 114.451766, -28.410371 ], [ 114.432984, -28.394242 ], [ 114.405422, -28.335375 ], [ 114.341731, -28.267219 ], [ 114.323321, -28.233061 ], [ 114.23874, -28.187246 ], [ 114.197237, -28.126849 ], [ 114.174711, -28.110972 ], [ 114.144551, -27.972384 ], [ 114.105399, -27.850373 ], [ 114.124357, -27.772902 ], [ 114.151587, -27.733461 ], [ 114.157686, -27.708541 ], [ 114.165846, -27.708291 ], [ 114.181666, -27.68031 ], [ 114.169976, -27.67465 ], [ 114.173456, -27.65888 ], [ 114.165566, -27.6681 ], [ 114.172456, -27.68762 ], [ 114.163386, -27.706981 ], [ 114.104253, -27.503189 ], [ 113.965158, -27.230748 ], [ 113.783098, -26.929048 ], [ 113.584357, -26.671426 ], [ 113.296693, -26.400195 ], [ 113.308233, -26.387455 ], [ 113.294223, -26.363865 ], [ 113.299632, -26.342435 ], [ 113.277522, -26.294014 ], [ 113.236421, -26.233494 ], [ 113.15627, -26.151674 ], [ 113.16254, -26.143564 ], [ 113.19725, -26.173983 ], [ 113.260891, -26.191223 ], [ 113.269961, -26.241773 ], [ 113.280371, -26.221593 ], [ 113.273041, -26.182663 ], [ 113.28219, -26.173203 ], [ 113.29113, -26.125722 ], [ 113.291559, -26.085442 ], [ 113.284199, -26.076302 ], [ 113.291609, -26.047761 ], [ 113.284619, -26.040081 ], [ 113.299268, -26.015961 ], [ 113.31989, -26.126202 ], [ 113.325441, -26.204832 ], [ 113.317771, -26.241713 ], [ 113.333482, -26.311444 ], [ 113.324332, -26.318994 ], [ 113.331212, -26.329154 ], [ 113.326702, -26.337274 ], [ 113.338722, -26.347434 ], [ 113.356012, -26.330974 ], [ 113.365273, -26.354104 ], [ 113.357123, -26.373504 ], [ 113.369893, -26.383654 ], [ 113.368383, -26.399225 ], [ 113.380413, -26.398774 ], [ 113.383303, -26.387494 ], [ 113.392573, -26.402274 ], [ 113.394175, -26.39303 ] ], [ [ 113.39456, -26.393282 ], [ 113.399893, -26.418244 ], [ 113.397963, -26.395514 ], [ 113.39456, -26.393282 ] ], [ [ 117.976842, -34.951647 ], [ 117.981459, -34.940024 ], [ 117.973842, -34.938553 ], [ 117.976842, -34.951647 ] ], [ [ 125.035068, -15.518022 ], [ 125.039513, -15.521804 ], [ 125.044273, -15.518854 ], [ 125.035068, -15.518022 ] ], [ [ 121.794599, -18.520144 ], [ 121.788124, -18.537738 ], [ 121.798334, -18.529968 ], [ 121.794599, -18.520144 ] ], [ [ 118.850525, -20.288689 ], [ 118.854834, -20.290648 ], [ 118.860274, -20.282098 ], [ 118.850525, -20.288689 ] ], [ [ 117.549725, -20.718291 ], [ 117.542282, -20.736201 ], [ 117.547552, -20.728181 ], [ 117.555702, -20.730841 ], [ 117.548262, -20.725691 ], [ 117.549725, -20.718291 ] ], [ [ 117.175305, -20.666749 ], [ 117.173282, -20.673993 ], [ 117.171982, -20.654672 ], [ 117.167292, -20.657382 ], [ 117.168002, -20.682233 ], [ 117.183842, -20.672712 ], [ 117.175562, -20.673882 ], [ 117.175305, -20.666749 ] ], [ [ 116.986246, -20.67194 ], [ 116.986892, -20.678945 ], [ 116.987201, -20.672225 ], [ 116.986246, -20.67194 ] ], [ [ 116.675721, -20.732565 ], [ 116.684754, -20.750459 ], [ 116.685855, -20.737179 ], [ 116.675721, -20.732565 ] ], [ [ 116.652363, -20.735693 ], [ 116.648021, -20.744457 ], [ 116.657564, -20.740319 ], [ 116.652363, -20.735693 ] ], [ [ 116.64762, -20.745267 ], [ 116.647024, -20.746469 ], [ 116.653634, -20.749079 ], [ 116.64762, -20.745267 ] ], [ [ 116.635949, -20.741603 ], [ 116.629764, -20.75117 ], [ 116.639924, -20.753219 ], [ 116.635949, -20.741603 ] ], [ [ 116.467914, -20.827356 ], [ 116.47438, -20.830951 ], [ 116.48105, -20.826031 ], [ 116.467914, -20.827356 ] ], [ [ 116.475066, -20.849566 ], [ 116.477603, -20.851601 ], [ 116.485251, -20.843561 ], [ 116.494862, -20.850981 ], [ 116.485241, -20.842201 ], [ 116.477713, -20.850701 ], [ 116.475066, -20.849566 ] ], [ [ 116.105599, -21.038434 ], [ 116.098903, -21.051678 ], [ 116.106463, -21.039628 ], [ 116.105599, -21.038434 ] ], [ [ 115.856421, -21.194944 ], [ 115.852203, -21.202932 ], [ 115.860393, -21.204192 ], [ 115.865343, -21.193362 ], [ 115.857023, -21.201022 ], [ 115.856421, -21.194944 ] ], [ [ 115.837066, -21.252095 ], [ 115.844386, -21.252924 ], [ 115.839835, -21.243884 ], [ 115.837066, -21.252095 ] ], [ [ 115.796082, -21.265486 ], [ 115.796144, -21.277203 ], [ 115.799054, -21.270333 ], [ 115.796082, -21.265486 ] ], [ [ 115.745603, -21.281369 ], [ 115.738704, -21.285483 ], [ 115.748584, -21.289433 ], [ 115.745603, -21.281369 ] ], [ [ 115.330103, -21.587178 ], [ 115.333837, -21.59608 ], [ 115.341628, -21.59599 ], [ 115.330103, -21.587178 ] ], [ [ 113.618798, -26.520622 ], [ 113.621535, -26.538733 ], [ 113.626274, -26.524293 ], [ 113.618798, -26.520622 ] ], [ [ 115.916775, -21.092912 ], [ 115.915002, -21.092741 ], [ 115.911913, -21.101581 ], [ 115.916775, -21.092912 ] ], [ [ 116.54043, -20.766632 ], [ 116.542108, -20.778411 ], [ 116.542417, -20.766341 ], [ 116.54043, -20.766632 ] ], [ [ 117.173242, -20.6312 ], [ 117.165632, -20.628352 ], [ 117.165392, -20.634562 ], [ 117.173242, -20.6312 ] ], [ [ 117.339756, -20.759099 ], [ 117.320242, -20.758523 ], [ 117.332612, -20.761223 ], [ 117.331982, -20.770573 ], [ 117.339756, -20.759099 ] ], [ [ 122.293413, -17.119248 ], [ 122.301624, -17.1209 ], [ 122.303484, -17.11242 ], [ 122.293413, -17.119248 ] ], [ [ 124.461531, -15.798338 ], [ 124.462486, -15.784878 ], [ 124.457736, -15.782938 ], [ 124.461531, -15.798338 ] ], [ [ 115.877589, -32.027661 ], [ 115.883354, -32.02421 ], [ 115.893076, -32.020538 ], [ 115.889384, -32.017527 ], [ 115.877589, -32.027661 ] ] ] } },
{ "type": "Feature", "properties": { "row_number() OVER ()": 2 }, "geometry": { "type": "Polygon", "coordinates": [ [ [ 126.565501, -13.944357 ], [ 126.571232, -13.940515 ], [ 126.577382, -13.953835 ], [ 126.565501, -13.944357 ] ] ] } },
{ "type": "Feature", "properties": { "row_number() OVER ()": 3 }, "geometry": { "type": "Polygon", "coordinates": [ [ [ 128.473074, -14.909232 ], [ 128.466514, -14.928312 ], [ 128.448335, -14.904182 ], [ 128.445495, -14.879882 ], [ 128.473074, -14.909232 ] ] ] } },
{ "type": "Feature", "properties": { "row_number() OVER ()": 4 }, "geometry": { "type": "Polygon", "coordinates": [ [ [ 128.442715, -14.878632 ], [ 128.440015, -14.885962 ], [ 128.428115, -14.863211 ], [ 128.442715, -14.878632 ] ] ] } },
{ "type": "Feature", "properties": { "row_number() OVER ()": 5 }, "geometry": { "type": "Polygon", "coordinates": [ [ [ 128.334215, -14.75838 ], [ 128.310046, -14.762809 ], [ 128.301726, -14.751819 ], [ 128.308476, -14.745969 ], [ 128.297097, -14.745699 ], [ 128.294696, -14.73552 ], [ 128.319876, -14.74137 ], [ 128.334215, -14.75838 ] ] ] } },
{ "type": "Feature", "properties": { "row_number() OVER ()": 6 }, "geometry": { "type": "Polygon", "coordinates": [ [ [ 128.201837, -15.140613 ], [ 128.193878, -15.166403 ], [ 128.197088, -15.193993 ], [ 128.126268, -15.156214 ], [ 128.114008, -15.121604 ], [ 128.125237, -15.095523 ], [ 128.124787, -15.040363 ], [ 128.152337, -15.051723 ], [ 128.160857, -15.092653 ], [ 128.196757, -15.125043 ], [ 128.201837, -15.140613 ] ] ] } },
{ "type": "Feature", "properties": { "row_number() OVER ()": 7 }, "geometry": { "type": "Polygon", "coordinates": [ [ [ 128.113189, -15.171674 ], [ 128.09905, -15.195714 ], [ 128.104589, -15.165434 ], [ 128.113189, -15.171674 ] ] ] } },
{ "type": "Feature", "properties": { "row_number() OVER ()": 8 }, "geometry": { "type": "Polygon", "coordinates": [ [ [ 127.874997, -14.454995 ], [ 127.850857, -14.479504 ], [ 127.838567, -14.457404 ], [ 127.852287, -14.451034 ], [ 127.853527, -14.435674 ], [ 127.863297, -14.430414 ], [ 127.873117, -14.438604 ], [ 127.874997, -14.454995 ] ] ] } },
{ "type": "Feature", "properties": { "row_number() OVER ()": 9 }, "geometry": { "type": "Polygon", "coordinates": [ [ [ 127.823297, -14.366694 ], [ 127.811177, -14.377584 ], [ 127.805377, -14.357554 ], [ 127.810847, -14.352944 ], [ 127.823297, -14.366694 ] ] ] } },
{ "type": "Feature", "properties": { "row_number() OVER ()": 10 }, "geometry": { "type": "Polygon", "coordinates": [ [ [ 127.716148, -14.237427 ], [ 127.702088, -14.242037 ], [ 127.709898, -14.233497 ], [ 127.716148, -14.237427 ] ] ] } },
{ "type": "Feature", "properties": { "row_number() OVER ()": 11 }, "geometry": { "type": "Polygon", "coordinates": [ [ [ 127.175689, -13.90361 ], [ 127.15658, -13.8987 ], [ 127.164319, -13.89619 ], [ 127.162769, -13.88286 ], [ 127.175689, -13.90361 ] ] ] } },
{ "type": "Feature", "properties": { "row_number() OVER ()": 12 }, "geometry": { "type": "Polygon", "coordinates": [ [ [ 126.882891, -13.990389 ], [ 126.880651, -13.976183 ], [ 126.845671, -13.963713 ], [ 126.820001, -13.966813 ], [ 126.832251, -13.961483 ], [ 126.819291, -13.960263 ], [ 126.819851, -13.953943 ], [ 126.854921, -13.957593 ], [ 126.869491, -13.967983 ], [ 126.866481, -13.955883 ], [ 126.883291, -13.973143 ], [ 126.887941, -13.986803 ], [ 126.882891, -13.990389 ] ] ] } },
{ "type": "Feature", "properties": { "row_number() OVER ()": 13 }, "geometry": { "type": "Polygon", "coordinates": [ [ [ 126.882947, -13.990749 ], [ 126.893852, -13.98782 ], [ 126.883232, -13.992553 ], [ 126.882947, -13.990749 ] ] ] } },
{ "type": "Feature", "properties": { "row_number() OVER ()": 14 }, "geometry": { "type": "Polygon", "coordinates": [ [ [ 126.897513, -13.986188 ], [ 126.892161, -13.981922 ], [ 126.900801, -13.984722 ], [ 126.897513, -13.986188 ] ] ] } },
{ "type": "Feature", "properties": { "row_number() OVER ()": 15 }, "geometry": { "type": "Polygon", "coordinates": [ [ [ 126.824461, -13.945683 ], [ 126.818571, -13.949533 ], [ 126.815661, -13.941183 ], [ 126.824461, -13.945683 ] ] ] } },
{ "type": "Feature", "properties": { "row_number() OVER ()": 16 }, "geometry": { "type": "Polygon", "coordinates": [ [ [ 126.700442, -13.943074 ], [ 126.676642, -13.961404 ], [ 126.693602, -13.931334 ], [ 126.700442, -13.943074 ] ] ] } },
{ "type": "Feature", "properties": { "row_number() OVER ()": 17 }, "geometry": { "type": "Polygon", "coordinates": [ [ [ 126.634981, -13.871325 ], [ 126.620552, -13.882635 ], [ 126.614971, -13.862425 ], [ 126.625481, -13.853265 ], [ 126.634981, -13.871325 ] ] ] } },
{ "type": "Feature", "properties": { "row_number() OVER ()": 18 }, "geometry": { "type": "Polygon", "coordinates": [ [ [ 126.619282, -13.890545 ], [ 126.611322, -13.900945 ], [ 126.617802, -13.908055 ], [ 126.608682, -13.913715 ], [ 126.593742, -13.898365 ], [ 126.559632, -13.903145 ], [ 126.568182, -13.896585 ], [ 126.563892, -13.891285 ], [ 126.545512, -13.893555 ], [ 126.536152, -13.907566 ], [ 126.527362, -13.901366 ], [ 126.513832, -13.906686 ], [ 126.502832, -13.886356 ], [ 126.504902, -13.869076 ], [ 126.522702, -13.866126 ], [ 126.527332, -13.873916 ], [ 126.547102, -13.871866 ], [ 126.575452, -13.887315 ], [ 126.588052, -13.885945 ], [ 126.599402, -13.897235 ], [ 126.619282, -13.890545 ] ] ] } },
{ "type": "Feature", "properties": { "row_number() OVER ()": 19 }, "geometry": { "type": "Polygon", "coordinates": [ [ [ 126.608022, -13.945115 ], [ 126.604452, -13.952905 ], [ 126.595412, -13.941965 ], [ 126.600722, -13.935855 ], [ 126.608022, -13.945115 ] ] ] } },
{ "type": "Feature", "properties": { "row_number() OVER ()": 20 }, "geometry": { "type": "Polygon", "coordinates": [ [ [ 126.593125, -14.215295 ], [ 126.590605, -14.222875 ], [ 126.577495, -14.217165 ], [ 126.575684, -14.197625 ], [ 126.586004, -14.200855 ], [ 126.593125, -14.215295 ] ] ] } },
{ "type": "Feature", "properties": { "row_number() OVER ()": 21 }, "geometry": { "type": "Polygon", "coordinates": [ [ [ 126.586905, -14.223455 ], [ 126.574985, -14.226215 ], [ 126.569845, -14.213465 ], [ 126.574895, -14.203735 ], [ 126.574715, -14.216505 ], [ 126.586905, -14.223455 ] ] ] } },
{ "type": "Feature", "properties": { "row_number() OVER ()": 22 }, "geometry": { "type": "Polygon", "coordinates": [ [ [ 126.403784, -13.989066 ], [ 126.394104, -14.009166 ], [ 126.384284, -14.011456 ], [ 126.362484, -13.982636 ], [ 126.376474, -13.974616 ], [ 126.403784, -13.989066 ] ] ] } },
{ "type": "Feature", "properties": { "row_number() OVER ()": 23 }, "geometry": { "type": "Polygon", "coordinates": [ [ [ 126.321075, -13.942087 ], [ 126.314825, -13.961857 ], [ 126.299795, -13.967608 ], [ 126.309624, -13.927187 ], [ 126.321075, -13.942087 ] ] ] } },
{ "type": "Feature", "properties": { "row_number() OVER ()": 24 }, "geometry": { "type": "Polygon", "coordinates": [ [ [ 126.318984, -13.886197 ], [ 126.314484, -13.894776 ], [ 126.301534, -13.883367 ], [ 126.303843, -13.866997 ], [ 126.318984, -13.886197 ] ] ] } },
{ "type": "Feature", "properties": { "row_number() OVER ()": 25 }, "geometry": { "type": "Polygon", "coordinates": [ [ [ 126.317374, -13.909457 ], [ 126.312164, -13.923117 ], [ 126.300144, -13.920747 ], [ 126.303384, -13.903917 ], [ 126.312514, -13.900646 ], [ 126.317374, -13.909457 ] ] ] } },
{ "type": "Feature", "properties": { "row_number() OVER ()": 26 }, "geometry": { "type": "Polygon", "coordinates": [ [ [ 126.299029, -14.163357 ], [ 126.285279, -14.171187 ], [ 126.291609, -14.159537 ], [ 126.299029, -14.163357 ] ] ] } },
{ "type": "Feature", "properties": { "row_number() OVER ()": 27 }, "geometry": { "type": "Polygon", "coordinates": [ [ [ 126.295165, -13.941298 ], [ 126.283835, -13.945698 ], [ 126.272154, -13.927738 ], [ 126.295165, -13.941298 ] ] ] } },
{ "type": "Feature", "properties": { "row_number() OVER ()": 28 }, "geometry": { "type": "Polygon", "coordinates": [ [ [ 126.243438, -14.148258 ], [ 126.236298, -14.161728 ], [ 126.230478, -14.150328 ], [ 126.243438, -14.148258 ] ] ] } },
{ "type": "Feature", "properties": { "row_number() OVER ()": 29 }, "geometry": { "type": "Polygon", "coordinates": [ [ [ 126.194915, -13.935049 ], [ 126.164605, -13.96359 ], [ 126.155925, -13.96054 ], [ 126.174215, -13.932659 ], [ 126.189715, -13.927369 ], [ 126.194915, -13.935049 ] ] ] } },
{ "type": "Feature", "properties": { "row_number() OVER ()": 30 }, "geometry": { "type": "Polygon", "coordinates": [ [ [ 126.152473, -13.75244 ], [ 126.150383, -13.75967 ], [ 126.145423, -13.7486 ], [ 126.152473, -13.75244 ] ] ] } },
{ "type": "Feature", "properties": { "row_number() OVER ()": 31 }, "geometry": { "type": "Polygon", "coordinates": [ [ [ 126.046801, -14.327979 ], [ 126.041031, -14.33793 ], [ 126.023412, -14.32847 ], [ 126.017662, -14.35322 ], [ 125.993282, -14.33633 ], [ 125.998272, -14.32516 ], [ 125.985082, -14.3133 ], [ 125.992391, -14.30203 ], [ 125.986611, -14.28927 ], [ 126.008991, -14.28094 ], [ 126.004271, -14.30275 ], [ 126.018061, -14.30702 ], [ 126.023491, -14.30046 ], [ 126.046801, -14.327979 ] ] ] } },
{ "type": "Feature", "properties": { "row_number() OVER ()": 32 }, "geometry": { "type": "Polygon", "coordinates": [ [ [ 126.043171, -14.233439 ], [ 126.036361, -14.242379 ], [ 126.006511, -14.24932 ], [ 125.993481, -14.24369 ], [ 126.01839, -14.22524 ], [ 126.043171, -14.233439 ] ] ] } },
{ "type": "Feature", "properties": { "row_number() OVER ()": 33 }, "geometry": { "type": "Polygon", "coordinates": [ [ [ 126.004694, -14.43818 ], [ 125.994703, -14.44816 ], [ 125.982774, -14.44646 ], [ 125.988004, -14.43569 ], [ 126.004694, -14.43818 ] ] ] } },
{ "type": "Feature", "properties": { "row_number() OVER ()": 34 }, "geometry": { "type": "Polygon", "coordinates": [ [ [ 125.995333, -14.37651 ], [ 125.983294, -14.37751 ], [ 125.984294, -14.38883 ], [ 125.971004, -14.38822 ], [ 125.982953, -14.36431 ], [ 125.994543, -14.36229 ], [ 125.995333, -14.37651 ] ] ] } },
{ "type": "Feature", "properties": { "row_number() OVER ()": 35 }, "geometry": { "type": "Polygon", "coordinates": [ [ [ 125.994222, -14.32166 ], [ 125.976263, -14.3379 ], [ 125.976392, -14.32819 ], [ 125.994222, -14.32166 ] ] ] } },
{ "type": "Feature", "properties": { "row_number() OVER ()": 36 }, "geometry": { "type": "Polygon", "coordinates": [ [ [ 125.970583, -14.34692 ], [ 125.960154, -14.35097 ], [ 125.956544, -14.37421 ], [ 125.944484, -14.388761 ], [ 125.924224, -14.377221 ], [ 125.943004, -14.365851 ], [ 125.934784, -14.360871 ], [ 125.949044, -14.34565 ], [ 125.943153, -14.336061 ], [ 125.958893, -14.33506 ], [ 125.952653, -14.32659 ], [ 125.959372, -14.32219 ], [ 125.970583, -14.34692 ] ] ] } },
{ "type": "Feature", "properties": { "row_number() OVER ()": 37 }, "geometry": { "type": "Polygon", "coordinates": [ [ [ 125.79419, -14.160684 ], [ 125.78758, -14.171164 ], [ 125.778, -14.157944 ], [ 125.79419, -14.160684 ] ] ] } },
{ "type": "Feature", "properties": { "row_number() OVER ()": 38 }, "geometry": { "type": "Polygon", "coordinates": [ [ [ 125.773283, -14.326554 ], [ 125.761373, -14.323784 ], [ 125.767393, -14.319544 ], [ 125.773283, -14.326554 ] ] ] } },
{ "type": "Feature", "properties": { "row_number() OVER ()": 39 }, "geometry": { "type": "Polygon", "coordinates": [ [ [ 125.756964, -14.45101 ], [ 125.736515, -14.476589 ], [ 125.717745, -14.477008 ], [ 125.718135, -14.453759 ], [ 125.727185, -14.44982 ], [ 125.721525, -14.44101 ], [ 125.727955, -14.409532 ], [ 125.754125, -14.41647 ], [ 125.738805, -14.42919 ], [ 125.749075, -14.45201 ], [ 125.753845, -14.44536 ], [ 125.756964, -14.45101 ] ] ] } },
{ "type": "Feature", "properties": { "row_number() OVER ()": 40 }, "geometry": { "type": "Polygon", "coordinates": [ [ [ 125.739871, -14.183934 ], [ 125.730941, -14.192834 ], [ 125.722521, -14.182884 ], [ 125.730171, -14.174664 ], [ 125.739871, -14.183934 ] ] ] } },
{ "type": "Feature", "properties": { "row_number() OVER ()": 41 }, "geometry": { "type": "Polygon", "coordinates": [ [ [ 125.720544, -14.351845 ], [ 125.711384, -14.355436 ], [ 125.708274, -14.347987 ], [ 125.720544, -14.351845 ] ] ] } },
{ "type": "Feature", "properties": { "row_number() OVER ()": 42 }, "geometry": { "type": "Polygon", "coordinates": [ [ [ 125.70549, -14.135555 ], [ 125.70189, -14.144005 ], [ 125.69426, -14.139815 ], [ 125.69214, -14.107645 ], [ 125.70438, -14.116245 ], [ 125.70549, -14.135555 ] ] ] } },
{ "type": "Feature", "properties": { "row_number() OVER ()": 43 }, "geometry": { "type": "Polygon", "coordinates": [ [ [ 125.683201, -14.168455 ], [ 125.677281, -14.176345 ], [ 125.669431, -14.165715 ], [ 125.678251, -14.157615 ], [ 125.683201, -14.168455 ] ] ] } },
{ "type": "Feature", "properties": { "row_number() OVER ()": 44 }, "geometry": { "type": "Polygon", "coordinates": [ [ [ 125.681354, -14.370387 ], [ 125.680644, -14.377946 ], [ 125.670674, -14.379616 ], [ 125.669664, -14.367766 ], [ 125.681354, -14.370387 ] ] ] } },
{ "type": "Feature", "properties": { "row_number() OVER ()": 45 }, "geometry": { "type": "Polygon", "coordinates": [ [ [ 125.644138, -13.946925 ], [ 125.628488, -13.961835 ], [ 125.625588, -13.931445 ], [ 125.633808, -13.932185 ], [ 125.634118, -13.946145 ], [ 125.644138, -13.946925 ] ] ] } },
{ "type": "Feature", "properties": { "row_number() OVER ()": 46 }, "geometry": { "type": "Polygon", "coordinates": [ [ [ 125.584894, -14.357516 ], [ 125.580004, -14.364495 ], [ 125.573424, -14.357146 ], [ 125.579004, -14.348696 ], [ 125.584894, -14.357516 ] ] ] } },
{ "type": "Feature", "properties": { "row_number() OVER ()": 47 }, "geometry": { "type": "Polygon", "coordinates": [ [ [ 125.562656, -14.48625 ], [ 125.559276, -14.49425 ], [ 125.523476, -14.485014 ], [ 125.523526, -14.467294 ], [ 125.511285, -14.454954 ], [ 125.517325, -14.449893 ], [ 125.511425, -14.444453 ], [ 125.529795, -14.422604 ], [ 125.538085, -14.444303 ], [ 125.530305, -14.447553 ], [ 125.544305, -14.455833 ], [ 125.538116, -14.474552 ], [ 125.562656, -14.48625 ] ] ] } },
{ "type": "Feature", "properties": { "row_number() OVER ()": 48 }, "geometry": { "type": "Polygon", "coordinates": [ [ [ 125.560821, -14.105266 ], [ 125.551441, -14.107607 ], [ 125.554701, -14.099607 ], [ 125.560821, -14.105266 ] ] ] } },
{ "type": "Feature", "properties": { "row_number() OVER ()": 49 }, "geometry": { "type": "Polygon", "coordinates": [ [ [ 125.520985, -14.425064 ], [ 125.516085, -14.434874 ], [ 125.500805, -14.430424 ], [ 125.520985, -14.425064 ] ] ] } },
{ "type": "Feature", "properties": { "row_number() OVER ()": 50 }, "geometry": { "type": "Polygon", "coordinates": [ [ [ 125.505796, -14.508106 ], [ 125.491656, -14.506826 ], [ 125.503966, -14.499867 ], [ 125.499546, -14.505837 ], [ 125.505796, -14.508106 ] ] ] } },
{ "type": "Feature", "properties": { "row_number() OVER ()": 51 }, "geometry": { "type": "Polygon", "coordinates": [ [ [ 125.497126, -14.499057 ], [ 125.473326, -14.511963 ], [ 125.451116, -14.496881 ], [ 125.444556, -14.481282 ], [ 125.474416, -14.497404 ], [ 125.484076, -14.484795 ], [ 125.481156, -14.491555 ], [ 125.488466, -14.488976 ], [ 125.485086, -14.494386 ], [ 125.497126, -14.499057 ] ] ] } },
{ "type": "Feature", "properties": { "row_number() OVER ()": 52 }, "geometry": { "type": "Polygon", "coordinates": [ [ [ 125.443567, -14.574971 ], [ 125.433117, -14.580811 ], [ 125.439187, -14.568081 ], [ 125.443567, -14.574971 ] ] ] } },
{ "type": "Feature", "properties": { "row_number() OVER ()": 53 }, "geometry": { "type": "Polygon", "coordinates": [ [ [ 125.441706, -14.53963 ], [ 125.438086, -14.54707 ], [ 125.426266, -14.544551 ], [ 125.431996, -14.531811 ], [ 125.441706, -14.53963 ] ] ] } },
{ "type": "Feature", "properties": { "row_number() OVER ()": 54 }, "geometry": { "type": "Polygon", "coordinates": [ [ [ 125.435636, -14.55395 ], [ 125.419127, -14.564851 ], [ 125.424866, -14.548731 ], [ 125.435636, -14.55395 ] ] ] } },
{ "type": "Feature", "properties": { "row_number() OVER ()": 55 }, "geometry": { "type": "Polygon", "coordinates": [ [ [ 125.414346, -14.539891 ], [ 125.404597, -14.541551 ], [ 125.408906, -14.535241 ], [ 125.414346, -14.539891 ] ] ] } },
{ "type": "Feature", "properties": { "row_number() OVER ()": 56 }, "geometry": { "type": "Polygon", "coordinates": [ [ [ 125.411194, -14.336557 ], [ 125.407465, -14.344787 ], [ 125.404024, -14.334387 ], [ 125.411194, -14.336557 ] ] ] } },
{ "type": "Feature", "properties": { "row_number() OVER ()": 57 }, "geometry": { "type": "Polygon", "coordinates": [ [ [ 125.367019, -15.078622 ], [ 125.347169, -15.083683 ], [ 125.356989, -15.072342 ], [ 125.367019, -15.078622 ] ] ] } },
{ "type": "Feature", "properties": { "row_number() OVER ()": 58 }, "geometry": { "type": "Polygon", "coordinates": [ [ [ 125.366769, -15.010392 ], [ 125.358039, -15.029862 ], [ 125.355519, -15.014512 ], [ 125.366769, -15.010392 ] ] ] } },
{ "type": "Feature", "properties": { "row_number() OVER ()": 59 }, "geometry": { "type": "Polygon", "coordinates": [ [ [ 125.345986, -14.493265 ], [ 125.340726, -14.504754 ], [ 125.337846, -14.498084 ], [ 125.345986, -14.493265 ] ] ] } },
{ "type": "Feature", "properties": { "row_number() OVER ()": 60 }, "geometry": { "type": "Polygon", "coordinates": [ [ [ 125.330117, -14.553492 ], [ 125.320707, -14.556052 ], [ 125.321547, -14.550522 ], [ 125.330117, -14.553492 ] ] ] } },
{ "type": "Feature", "properties": { "row_number() OVER ()": 61 }, "geometry": { "type": "Polygon", "coordinates": [ [ [ 125.320404, -14.267368 ], [ 125.315524, -14.272998 ], [ 125.313024, -14.261668 ], [ 125.320404, -14.267368 ] ] ] } },
{ "type": "Feature", "properties": { "row_number() OVER ()": 62 }, "geometry": { "type": "Polygon", "coordinates": [ [ [ 125.310294, -14.276588 ], [ 125.302704, -14.293157 ], [ 125.290444, -14.288927 ], [ 125.293064, -14.269748 ], [ 125.310294, -14.276588 ] ] ] } },
{ "type": "Feature", "properties": { "row_number() OVER ()": 63 }, "geometry": { "type": "Polygon", "coordinates": [ [ [ 125.306299, -15.069983 ], [ 125.301669, -15.072823 ], [ 125.299649, -15.063573 ], [ 125.306299, -15.069983 ] ] ] } },
{ "type": "Feature", "properties": { "row_number() OVER ()": 64 }, "geometry": { "type": "Polygon", "coordinates": [ [ [ 125.278637, -14.581192 ], [ 125.267707, -14.587812 ], [ 125.254407, -14.577592 ], [ 125.265887, -14.577412 ], [ 125.267917, -14.563762 ], [ 125.278637, -14.581192 ] ] ] } },
{ "type": "Feature", "properties": { "row_number() OVER ()": 65 }, "geometry": { "type": "Polygon", "coordinates": [ [ [ 125.273006, -14.478315 ], [ 125.270596, -14.483325 ], [ 125.264806, -14.470716 ], [ 125.248106, -14.472005 ], [ 125.248596, -14.464555 ], [ 125.261716, -14.461106 ], [ 125.273006, -14.478315 ] ] ] } },
{ "type": "Feature", "properties": { "row_number() OVER ()": 66 }, "geometry": { "type": "Polygon", "coordinates": [ [ [ 125.271636, -14.414625 ], [ 125.259176, -14.428695 ], [ 125.249796, -14.428435 ], [ 125.256086, -14.418634 ], [ 125.245306, -14.418925 ], [ 125.253916, -14.411284 ], [ 125.271636, -14.414625 ] ] ] } },
{ "type": "Feature", "properties": { "row_number() OVER ()": 67 }, "geometry": { "type": "Polygon", "coordinates": [ [ [ 125.25442, -15.085573 ], [ 125.24699, -15.095033 ], [ 125.22786, -15.096083 ], [ 125.23062, -15.084993 ], [ 125.24335, -15.078283 ], [ 125.25442, -15.085573 ] ] ] } },
{ "type": "Feature", "properties": { "row_number() OVER ()": 68 }, "geometry": { "type": "Polygon", "coordinates": [ [ [ 125.253459, -14.977953 ], [ 125.247509, -14.982893 ], [ 125.251199, -14.992503 ], [ 125.232469, -14.996953 ], [ 125.228769, -14.991073 ], [ 125.242279, -14.985243 ], [ 125.239519, -14.977223 ], [ 125.245669, -14.979393 ], [ 125.249309, -14.967773 ], [ 125.253459, -14.977953 ] ] ] } },
{ "type": "Feature", "properties": { "row_number() OVER ()": 69 }, "geometry": { "type": "Polygon", "coordinates": [ [ [ 125.244016, -14.422425 ], [ 125.237846, -14.429735 ], [ 125.237566, -14.413595 ], [ 125.244016, -14.422425 ] ] ] } },
{ "type": "Feature", "properties": { "row_number() OVER ()": 70 }, "geometry": { "type": "Polygon", "coordinates": [ [ [ 125.23087, -15.070653 ], [ 125.22987, -15.084263 ], [ 125.21659, -15.097823 ], [ 125.22886, -15.099573 ], [ 125.21871, -15.104593 ], [ 125.21287, -15.098403 ], [ 125.21662, -15.105393 ], [ 125.19623, -15.120613 ], [ 125.17508, -15.122053 ], [ 125.16486, -15.099273 ], [ 125.17531, -15.097663 ], [ 125.16991, -15.084793 ], [ 125.17488, -15.078903 ], [ 125.16444, -15.082783 ], [ 125.1445, -15.041743 ], [ 125.15661, -15.048243 ], [ 125.1564, -15.026103 ], [ 125.1666, -15.020533 ], [ 125.16385, -15.029463 ], [ 125.17846, -15.048163 ], [ 125.17651, -15.066243 ], [ 125.20222, -15.057663 ], [ 125.23087, -15.070653 ] ] ] } },
{ "type": "Feature", "properties": { "row_number() OVER ()": 71 }, "geometry": { "type": "Polygon", "coordinates": [ [ [ 125.229669, -14.908543 ], [ 125.223979, -14.909533 ], [ 125.226209, -14.902203 ], [ 125.229669, -14.908543 ] ] ] } },
{ "type": "Feature", "properties": { "row_number() OVER ()": 72 }, "geometry": { "type": "Polygon", "coordinates": [ [ [ 125.229005, -14.300197 ], [ 125.211565, -14.314797 ], [ 125.220835, -14.286498 ], [ 125.229005, -14.300197 ] ] ] } },
{ "type": "Feature", "properties": { "row_number() OVER ()": 73 }, "geometry": { "type": "Polygon", "coordinates": [ [ [ 125.216127, -14.495703 ], [ 125.207657, -14.496563 ], [ 125.211747, -14.517362 ], [ 125.208927, -14.526492 ], [ 125.201507, -14.525562 ], [ 125.201067, -14.547802 ], [ 125.194538, -14.556352 ], [ 125.184238, -14.551122 ], [ 125.180488, -14.559682 ], [ 125.187178, -14.569532 ], [ 125.199618, -14.562472 ], [ 125.204308, -14.576152 ], [ 125.197318, -14.583462 ], [ 125.208578, -14.583062 ], [ 125.196098, -14.590252 ], [ 125.207818, -14.597172 ], [ 125.210428, -14.591432 ], [ 125.214278, -14.607242 ], [ 125.199798, -14.612882 ], [ 125.197598, -14.601872 ], [ 125.185268, -14.609952 ], [ 125.180868, -14.634432 ], [ 125.167358, -14.619812 ], [ 125.154988, -14.636582 ], [ 125.147568, -14.635873 ], [ 125.152118, -14.655543 ], [ 125.135078, -14.651963 ], [ 125.136108, -14.628263 ], [ 125.130158, -14.637383 ], [ 125.112678, -14.627933 ], [ 125.108088, -14.642813 ], [ 125.092618, -14.625923 ], [ 125.100998, -14.619413 ], [ 125.094768, -14.612833 ], [ 125.094218, -14.567283 ], [ 125.102508, -14.568373 ], [ 125.096118, -14.546213 ], [ 125.107438, -14.556773 ], [ 125.110858, -14.545383 ], [ 125.120078, -14.557393 ], [ 125.132168, -14.551683 ], [ 125.138838, -14.564133 ], [ 125.134088, -14.576723 ], [ 125.142898, -14.564152 ], [ 125.151588, -14.565772 ], [ 125.134418, -14.545163 ], [ 125.141498, -14.538852 ], [ 125.144128, -14.546152 ], [ 125.143858, -14.530172 ], [ 125.149658, -14.533942 ], [ 125.153148, -14.526422 ], [ 125.146658, -14.525662 ], [ 125.149587, -14.519242 ], [ 125.140768, -14.522022 ], [ 125.142218, -14.515862 ], [ 125.132618, -14.529103 ], [ 125.131648, -14.512163 ], [ 125.117638, -14.507133 ], [ 125.118047, -14.493923 ], [ 125.141107, -14.472682 ], [ 125.160467, -14.471193 ], [ 125.151167, -14.452742 ], [ 125.162737, -14.456403 ], [ 125.165357, -14.439934 ], [ 125.184986, -14.459215 ], [ 125.180127, -14.483923 ], [ 125.190257, -14.473014 ], [ 125.207817, -14.487873 ], [ 125.204747, -14.499712 ], [ 125.208137, -14.492733 ], [ 125.216127, -14.495703 ] ] ] } },
{ "type": "Feature", "properties": { "row_number() OVER ()": 74 }, "geometry": { "type": "Polygon", "coordinates": [ [ [ 125.208469, -14.952713 ], [ 125.201039, -14.953033 ], [ 125.206939, -14.958813 ], [ 125.200839, -14.966503 ], [ 125.188339, -14.962123 ], [ 125.198359, -14.953013 ], [ 125.197829, -14.941163 ], [ 125.208469, -14.952713 ] ] ] } },
{ "type": "Feature", "properties": { "row_number() OVER ()": 75 }, "geometry": { "type": "Polygon", "coordinates": [ [ [ 125.189519, -14.870783 ], [ 125.186479, -14.875513 ], [ 125.179419, -14.868493 ], [ 125.179029, -14.852003 ], [ 125.189519, -14.870783 ] ] ] } },
{ "type": "Feature", "properties": { "row_number() OVER ()": 76 }, "geometry": { "type": "Polygon", "coordinates": [ [ [ 125.147098, -14.663083 ], [ 125.135118, -14.670033 ], [ 125.129448, -14.665833 ], [ 125.147098, -14.663083 ] ] ] } },
{ "type": "Feature", "properties": { "row_number() OVER ()": 77 }, "geometry": { "type": "Polygon", "coordinates": [ [ [ 125.145279, -14.761083 ], [ 125.144209, -14.767173 ], [ 125.137499, -14.761163 ], [ 125.137649, -14.748823 ], [ 125.145279, -14.761083 ] ] ] } },
{ "type": "Feature", "properties": { "row_number() OVER ()": 78 }, "geometry": { "type": "Polygon", "coordinates": [ [ [ 125.134169, -14.752003 ], [ 125.126939, -14.760773 ], [ 125.124719, -14.755143 ], [ 125.134169, -14.752003 ] ] ] } },
{ "type": "Feature", "properties": { "row_number() OVER ()": 79 }, "geometry": { "type": "Polygon", "coordinates": [ [ [ 125.053062, -15.309484 ], [ 125.048582, -15.323504 ], [ 125.040172, -15.315404 ], [ 125.053062, -15.309484 ] ] ] } },
{ "type": "Feature", "properties": { "row_number() OVER ()": 80 }, "geometry": { "type": "Polygon", "coordinates": [ [ [ 125.036382, -15.327504 ], [ 125.018162, -15.371744 ], [ 124.995482, -15.375774 ], [ 124.992842, -15.357024 ], [ 125.021452, -15.321454 ], [ 125.036382, -15.327504 ] ] ] } },
{ "type": "Feature", "properties": { "row_number() OVER ()": 81 }, "geometry": { "type": "Polygon", "coordinates": [ [ [ 125.032029, -14.782033 ], [ 125.02729, -14.792623 ], [ 125.02047, -14.786943 ], [ 125.023809, -14.780003 ], [ 125.017019, -14.780153 ], [ 125.025799, -14.765293 ], [ 125.032029, -14.782033 ] ] ] } },
{ "type": "Feature", "properties": { "row_number() OVER ()": 82 }, "geometry": { "type": "Polygon", "coordinates": [ [ [ 125.015991, -15.206014 ], [ 125.011141, -15.213934 ], [ 125.005661, -15.209554 ], [ 125.006561, -15.203224 ], [ 125.015991, -15.206014 ] ] ] } },
{ "type": "Feature", "properties": { "row_number() OVER ()": 83 }, "geometry": { "type": "Polygon", "coordinates": [ [ [ 125.014792, -15.430614 ], [ 125.005743, -15.439344 ], [ 125.004213, -15.433814 ], [ 125.014792, -15.430614 ] ] ] } },
{ "type": "Feature", "properties": { "row_number() OVER ()": 84 }, "geometry": { "type": "Polygon", "coordinates": [ [ [ 124.999898, -14.516733 ], [ 124.991718, -14.529003 ], [ 124.985957, -14.520054 ], [ 124.984757, -14.528064 ], [ 124.979556, -14.524204 ], [ 124.976755, -14.507024 ], [ 124.990016, -14.498614 ], [ 124.990436, -14.484504 ], [ 124.999898, -14.516733 ] ] ] } },
{ "type": "Feature", "properties": { "row_number() OVER ()": 85 }, "geometry": { "type": "Polygon", "coordinates": [ [ [ 124.995535, -14.440154 ], [ 124.975183, -14.452354 ], [ 124.979514, -14.444024 ], [ 124.972482, -14.437215 ], [ 124.984242, -14.427335 ], [ 124.995535, -14.440154 ] ] ] } },
{ "type": "Feature", "properties": { "row_number() OVER ()": 86 }, "geometry": { "type": "Polygon", "coordinates": [ [ [ 124.985909, -14.395155 ], [ 124.983332, -14.424285 ], [ 124.97238, -14.411575 ], [ 124.973269, -14.397575 ], [ 124.959339, -14.401686 ], [ 124.973459, -14.383465 ], [ 124.985909, -14.395155 ] ] ] } },
{ "type": "Feature", "properties": { "row_number() OVER ()": 87 }, "geometry": { "type": "Polygon", "coordinates": [ [ [ 124.984961, -15.055514 ], [ 124.971241, -15.086854 ], [ 124.952331, -15.098544 ], [ 124.964711, -15.082124 ], [ 124.962221, -15.066994 ], [ 124.955951, -15.070634 ], [ 124.969101, -15.042004 ], [ 124.976771, -15.040514 ], [ 124.984961, -15.055514 ] ] ] } },
{ "type": "Feature", "properties": { "row_number() OVER ()": 88 }, "geometry": { "type": "Polygon", "coordinates": [ [ [ 124.984292, -15.343044 ], [ 124.980372, -15.352214 ], [ 124.950852, -15.364285 ], [ 124.953592, -15.352075 ], [ 124.976482, -15.339794 ], [ 124.984292, -15.343044 ] ] ] } },
{ "type": "Feature", "properties": { "row_number() OVER ()": 89 }, "geometry": { "type": "Polygon", "coordinates": [ [ [ 124.962261, -15.044964 ], [ 124.944811, -15.075294 ], [ 124.939781, -15.067174 ], [ 124.951161, -15.063864 ], [ 124.943581, -15.057114 ], [ 124.953181, -15.043634 ], [ 124.962261, -15.044964 ] ] ] } },
{ "type": "Feature", "properties": { "row_number() OVER ()": 90 }, "geometry": { "type": "Polygon", "coordinates": [ [ [ 124.959291, -15.029154 ], [ 124.939721, -15.049214 ], [ 124.941421, -15.038134 ], [ 124.915941, -15.029174 ], [ 124.911031, -15.020374 ], [ 124.920521, -15.008934 ], [ 124.897731, -15.004474 ], [ 124.905801, -14.994274 ], [ 124.913811, -14.996124 ], [ 124.920641, -14.980224 ], [ 124.901451, -14.983184 ], [ 124.894051, -14.996354 ], [ 124.891421, -14.987874 ], [ 124.878431, -15.004645 ], [ 124.883361, -14.996865 ], [ 124.876791, -14.986335 ], [ 124.885201, -14.978474 ], [ 124.879171, -14.975615 ], [ 124.889371, -14.959404 ], [ 124.890041, -14.965394 ], [ 124.897721, -14.961824 ], [ 124.898121, -14.974814 ], [ 124.921541, -14.967274 ], [ 124.9301, -14.948324 ], [ 124.91712, -14.941364 ], [ 124.91722, -14.922394 ], [ 124.92661, -14.926624 ], [ 124.93138, -14.947994 ], [ 124.93832, -14.947924 ], [ 124.93503, -14.961104 ], [ 124.94616, -14.965454 ], [ 124.930281, -15.007664 ], [ 124.938981, -15.002554 ], [ 124.939261, -15.015534 ], [ 124.948391, -15.001394 ], [ 124.958631, -15.005434 ], [ 124.945431, -15.018914 ], [ 124.948491, -15.027414 ], [ 124.959291, -15.029154 ] ] ] } },
{ "type": "Feature", "properties": { "row_number() OVER ()": 91 }, "geometry": { "type": "Polygon", "coordinates": [ [ [ 124.932023, -14.521355 ], [ 124.924752, -14.515106 ], [ 124.931482, -14.514016 ], [ 124.932023, -14.521355 ] ] ] } },
{ "type": "Feature", "properties": { "row_number() OVER ()": 92 }, "geometry": { "type": "Polygon", "coordinates": [ [ [ 124.92724, -14.895464 ], [ 124.92119, -14.897014 ], [ 124.92333, -14.888554 ], [ 124.92724, -14.895464 ] ] ] } },
{ "type": "Feature", "properties": { "row_number() OVER ()": 93 }, "geometry": { "type": "Polygon", "coordinates": [ [ [ 124.890821, -14.948914 ], [ 124.889291, -14.955814 ], [ 124.876681, -14.941944 ], [ 124.890821, -14.948914 ] ] ] } },
{ "type": "Feature", "properties": { "row_number() OVER ()": 94 }, "geometry": { "type": "Polygon", "coordinates": [ [ [ 124.872741, -14.939674 ], [ 124.868081, -14.941905 ], [ 124.865241, -14.930375 ], [ 124.872741, -14.939674 ] ] ] } },
{ "type": "Feature", "properties": { "row_number() OVER ()": 95 }, "geometry": { "type": "Polygon", "coordinates": [ [ [ 124.866401, -15.023084 ], [ 124.857221, -15.021415 ], [ 124.854461, -15.031144 ], [ 124.844441, -15.024615 ], [ 124.859861, -15.011125 ], [ 124.866401, -15.023084 ] ] ] } },
{ "type": "Feature", "properties": { "row_number() OVER ()": 96 }, "geometry": { "type": "Polygon", "coordinates": [ [ [ 124.863282, -15.286805 ], [ 124.860803, -15.313025 ], [ 124.841723, -15.314545 ], [ 124.854373, -15.303435 ], [ 124.848993, -15.293395 ], [ 124.863282, -15.286805 ] ] ] } },
{ "type": "Feature", "properties": { "row_number() OVER ()": 97 }, "geometry": { "type": "Polygon", "coordinates": [ [ [ 124.858813, -15.342855 ], [ 124.848583, -15.349215 ], [ 124.843673, -15.342565 ], [ 124.853083, -15.337335 ], [ 124.858813, -15.342855 ] ] ] } },
{ "type": "Feature", "properties": { "row_number() OVER ()": 98 }, "geometry": { "type": "Polygon", "coordinates": [ [ [ 124.857362, -15.256205 ], [ 124.842192, -15.280085 ], [ 124.834092, -15.272505 ], [ 124.838133, -15.281335 ], [ 124.812313, -15.289535 ], [ 124.811783, -15.306145 ], [ 124.790783, -15.287335 ], [ 124.792683, -15.260545 ], [ 124.799743, -15.260125 ], [ 124.809582, -15.229095 ], [ 124.827892, -15.245325 ], [ 124.834182, -15.247225 ], [ 124.830432, -15.237635 ], [ 124.836362, -15.237725 ], [ 124.857362, -15.256205 ] ] ] } },
{ "type": "Feature", "properties": { "row_number() OVER ()": 99 }, "geometry": { "type": "Polygon", "coordinates": [ [ [ 124.807562, -15.216445 ], [ 124.801532, -15.222565 ], [ 124.783483, -15.218875 ], [ 124.799962, -15.203805 ], [ 124.805452, -15.211815 ], [ 124.799412, -15.214435 ], [ 124.807562, -15.216445 ] ] ] } },
{ "type": "Feature", "properties": { "row_number() OVER ()": 100 }, "geometry": { "type": "Polygon", "coordinates": [ [ [ 124.789892, -15.013104 ], [ 124.774842, -15.035395 ], [ 124.775712, -15.013475 ], [ 124.789892, -15.013104 ] ] ] } },
{ "type": "Feature", "properties": { "row_number() OVER ()": 101 }, "geometry": { "type": "Polygon", "coordinates": [ [ [ 124.779958, -14.949326 ], [ 124.773547, -14.952336 ], [ 124.773406, -14.937207 ], [ 124.779958, -14.949326 ] ] ] } },
{ "type": "Feature", "properties": { "row_number() OVER ()": 102 }, "geometry": { "type": "Polygon", "coordinates": [ [ [ 124.762606, -14.954537 ], [ 124.745544, -14.951498 ], [ 124.746664, -14.939308 ], [ 124.759305, -14.942657 ], [ 124.762606, -14.954537 ] ] ] } },
{ "type": "Feature", "properties": { "row_number() OVER ()": 103 }, "geometry": { "type": "Polygon", "coordinates": [ [ [ 124.748464, -14.910178 ], [ 124.738864, -14.941978 ], [ 124.733124, -14.911448 ], [ 124.748464, -14.910178 ] ] ] } },
{ "type": "Feature", "properties": { "row_number() OVER ()": 104 }, "geometry": { "type": "Polygon", "coordinates": [ [ [ 124.732153, -14.860388 ], [ 124.716284, -14.872048 ], [ 124.714853, -14.859608 ], [ 124.732153, -14.860388 ] ] ] } },
{ "type": "Feature", "properties": { "row_number() OVER ()": 105 }, "geometry": { "type": "Polygon", "coordinates": [ [ [ 124.720185, -16.376959 ], [ 124.691966, -16.377899 ], [ 124.679485, -16.368609 ], [ 124.696565, -16.369569 ], [ 124.710845, -16.360269 ], [ 124.720185, -16.376959 ] ] ] } },
{ "type": "Feature", "properties": { "row_number() OVER ()": 106 }, "geometry": { "type": "Polygon", "coordinates": [ [ [ 124.703176, -16.356879 ], [ 124.691196, -16.364699 ], [ 124.672976, -16.356169 ], [ 124.692305, -16.349269 ], [ 124.703176, -16.356879 ] ] ] } },
{ "type": "Feature", "properties": { "row_number() OVER ()": 107 }, "geometry": { "type": "Polygon", "coordinates": [ [ [ 124.694165, -14.953678 ], [ 124.685694, -14.950238 ], [ 124.683924, -14.937348 ], [ 124.694165, -14.953678 ] ] ] } },
{ "type": "Feature", "properties": { "row_number() OVER ()": 108 }, "geometry": { "type": "Polygon", "coordinates": [ [ [ 124.671904, -14.945068 ], [ 124.665364, -14.949998 ], [ 124.658704, -14.937878 ], [ 124.671904, -14.945068 ] ] ] } },
{ "type": "Feature", "properties": { "row_number() OVER ()": 109 }, "geometry": { "type": "Polygon", "coordinates": [ [ [ 124.655675, -15.788517 ], [ 124.648465, -15.799037 ], [ 124.628885, -15.804497 ], [ 124.655675, -15.788517 ] ] ] } },
{ "type": "Feature", "properties": { "row_number() OVER ()": 110 }, "geometry": { "type": "Polygon", "coordinates": [ [ [ 124.654744, -15.397336 ], [ 124.615564, -15.427346 ], [ 124.608674, -15.420916 ], [ 124.566554, -15.444256 ], [ 124.524634, -15.448387 ], [ 124.523894, -15.435657 ], [ 124.517624, -15.441167 ], [ 124.510744, -15.434277 ], [ 124.520404, -15.431097 ], [ 124.513764, -15.426367 ], [ 124.529464, -15.413237 ], [ 124.532394, -15.425097 ], [ 124.536924, -15.416616 ], [ 124.540424, -15.420676 ], [ 124.541144, -15.433226 ], [ 124.547354, -15.425026 ], [ 124.538894, -15.412886 ], [ 124.560184, -15.400536 ], [ 124.557604, -15.391506 ], [ 124.589804, -15.381926 ], [ 124.591044, -15.369026 ], [ 124.572724, -15.378716 ], [ 124.567464, -15.371076 ], [ 124.566904, -15.382446 ], [ 124.554574, -15.388566 ], [ 124.546884, -15.383836 ], [ 124.552044, -15.364566 ], [ 124.545094, -15.359996 ], [ 124.537314, -15.375936 ], [ 124.527974, -15.357357 ], [ 124.528584, -15.375047 ], [ 124.522184, -15.378897 ], [ 124.535234, -15.383166 ], [ 124.515434, -15.380597 ], [ 124.516154, -15.392687 ], [ 124.507194, -15.397557 ], [ 124.504024, -15.380727 ], [ 124.512384, -15.365227 ], [ 124.498114, -15.369697 ], [ 124.503074, -15.377167 ], [ 124.483514, -15.385467 ], [ 124.479384, -15.398247 ], [ 124.486404, -15.403187 ], [ 124.475814, -15.405037 ], [ 124.465554, -15.403057 ], [ 124.484304, -15.380607 ], [ 124.479164, -15.376897 ], [ 124.483804, -15.361557 ], [ 124.466914, -15.372887 ], [ 124.461124, -15.355297 ], [ 124.481634, -15.345647 ], [ 124.492114, -15.358227 ], [ 124.497304, -15.348007 ], [ 124.481172, -15.335778 ], [ 124.49076, -15.321049 ], [ 124.504931, -15.326718 ], [ 124.500272, -15.336587 ], [ 124.517102, -15.333808 ], [ 124.49995, -15.319529 ], [ 124.498379, -15.307679 ], [ 124.513908, -15.306809 ], [ 124.515209, -15.313589 ], [ 124.535558, -15.303619 ], [ 124.520658, -15.305559 ], [ 124.523437, -15.29392 ], [ 124.515888, -15.30398 ], [ 124.516577, -15.29878 ], [ 124.504378, -15.30433 ], [ 124.494807, -15.29222 ], [ 124.511657, -15.27754 ], [ 124.522357, -15.27493 ], [ 124.522487, -15.28284 ], [ 124.527597, -15.27301 ], [ 124.541867, -15.2801 ], [ 124.541777, -15.26463 ], [ 124.551737, -15.26441 ], [ 124.558047, -15.2498 ], [ 124.571307, -15.245379 ], [ 124.558057, -15.25523 ], [ 124.568317, -15.26696 ], [ 124.562527, -15.28042 ], [ 124.569047, -15.28131 ], [ 124.568717, -15.29533 ], [ 124.556209, -15.314279 ], [ 124.56679, -15.320188 ], [ 124.571429, -15.313179 ], [ 124.589939, -15.312249 ], [ 124.589402, -15.336427 ], [ 124.580033, -15.342687 ], [ 124.605013, -15.341826 ], [ 124.626164, -15.374786 ], [ 124.619514, -15.381606 ], [ 124.624504, -15.393576 ], [ 124.654744, -15.397336 ] ] ] } },
{ "type": "Feature", "properties": { "row_number() OVER ()": 111 }, "geometry": { "type": "Polygon", "coordinates": [ [ [ 124.649573, -15.167056 ], [ 124.643892, -15.174187 ], [ 124.643403, -15.162326 ], [ 124.649573, -15.167056 ] ] ] } },
{ "type": "Feature", "properties": { "row_number() OVER ()": 112 }, "geometry": { "type": "Polygon", "coordinates": [ [ [ 124.649556, -16.349799 ], [ 124.564936, -16.34417 ], [ 124.607566, -16.341659 ], [ 124.649556, -16.349799 ] ] ] } },
{ "type": "Feature", "properties": { "row_number() OVER ()": 113 }, "geometry": { "type": "Polygon", "coordinates": [ [ [ 124.640042, -15.281537 ], [ 124.618059, -15.290728 ], [ 124.612108, -15.283619 ], [ 124.620109, -15.265298 ], [ 124.640042, -15.281537 ] ] ] } },
{ "type": "Feature", "properties": { "row_number() OVER ()": 114 }, "geometry": { "type": "Polygon", "coordinates": [ [ [ 124.620814, -15.432536 ], [ 124.614084, -15.447686 ], [ 124.605804, -15.443066 ], [ 124.605944, -15.452226 ], [ 124.602074, -15.441376 ], [ 124.594394, -15.441616 ], [ 124.620814, -15.432536 ] ] ] } },
{ "type": "Feature", "properties": { "row_number() OVER ()": 115 }, "geometry": { "type": "Polygon", "coordinates": [ [ [ 124.596685, -15.910887 ], [ 124.585095, -15.952487 ], [ 124.577675, -15.948737 ], [ 124.557336, -15.964968 ], [ 124.532026, -15.966558 ], [ 124.545596, -15.936848 ], [ 124.576155, -15.920527 ], [ 124.573445, -15.910697 ], [ 124.580555, -15.917217 ], [ 124.593165, -15.905357 ], [ 124.596685, -15.910887 ] ] ] } },
{ "type": "Feature", "properties": { "row_number() OVER ()": 116 }, "geometry": { "type": "Polygon", "coordinates": [ [ [ 124.577047, -15.268419 ], [ 124.570767, -15.269109 ], [ 124.566897, -15.256119 ], [ 124.577047, -15.268419 ] ] ] } },
{ "type": "Feature", "properties": { "row_number() OVER ()": 117 }, "geometry": { "type": "Polygon", "coordinates": [ [ [ 124.547187, -15.23162 ], [ 124.532767, -15.23673 ], [ 124.543927, -15.22711 ], [ 124.547187, -15.23162 ] ] ] } },
{ "type": "Feature", "properties": { "row_number() OVER ()": 118 }, "geometry": { "type": "Polygon", "coordinates": [ [ [ 124.515977, -15.21188 ], [ 124.509827, -15.22353 ], [ 124.498257, -15.21483 ], [ 124.506657, -15.20534 ], [ 124.515977, -15.21188 ] ] ] } },
{ "type": "Feature", "properties": { "row_number() OVER ()": 119 }, "geometry": { "type": "Polygon", "coordinates": [ [ [ 124.500764, -15.456317 ], [ 124.487065, -15.464857 ], [ 124.496084, -15.451147 ], [ 124.500764, -15.456317 ] ] ] } },
{ "type": "Feature", "properties": { "row_number() OVER ()": 120 }, "geometry": { "type": "Polygon", "coordinates": [ [ [ 124.495897, -15.20772 ], [ 124.493707, -15.21349 ], [ 124.488437, -15.20618 ], [ 124.495897, -15.20772 ] ] ] } },
{ "type": "Feature", "properties": { "row_number() OVER ()": 121 }, "geometry": { "type": "Polygon", "coordinates": [ [ [ 124.485236, -15.967748 ], [ 124.476876, -15.981708 ], [ 124.474296, -15.975138 ], [ 124.485236, -15.967748 ] ] ] } },
{ "type": "Feature", "properties": { "row_number() OVER ()": 122 }, "geometry": { "type": "Polygon", "coordinates": [ [ [ 124.4812, -15.318149 ], [ 124.470119, -15.313909 ], [ 124.476849, -15.310269 ], [ 124.4812, -15.318149 ] ] ] } },
{ "type": "Feature", "properties": { "row_number() OVER ()": 123 }, "geometry": { "type": "Polygon", "coordinates": [ [ [ 124.476936, -15.987438 ], [ 124.470426, -15.993798 ], [ 124.470956, -15.983858 ], [ 124.476936, -15.987438 ] ] ] } },
{ "type": "Feature", "properties": { "row_number() OVER ()": 124 }, "geometry": { "type": "Polygon", "coordinates": [ [ [ 124.470356, -16.004588 ], [ 124.457266, -16.029738 ], [ 124.462076, -16.000708 ], [ 124.470356, -16.004588 ] ] ] } },
{ "type": "Feature", "properties": { "row_number() OVER ()": 125 }, "geometry": { "type": "Polygon", "coordinates": [ [ [ 124.470006, -15.914168 ], [ 124.467356, -15.942188 ], [ 124.462556, -15.939618 ], [ 124.455506, -15.955468 ], [ 124.449006, -15.984638 ], [ 124.450866, -15.938658 ], [ 124.460256, -15.918608 ], [ 124.454396, -15.919778 ], [ 124.452936, -15.907808 ], [ 124.460756, -15.908108 ], [ 124.460936, -15.897038 ], [ 124.467986, -15.906048 ], [ 124.464816, -15.917468 ], [ 124.470006, -15.914168 ] ] ] } },
{ "type": "Feature", "properties": { "row_number() OVER ()": 126 }, "geometry": { "type": "Polygon", "coordinates": [ [ [ 124.464676, -16.35581 ], [ 124.454767, -16.37384 ], [ 124.435217, -16.37342 ], [ 124.433257, -16.36809 ], [ 124.464676, -16.35581 ] ] ] } },
{ "type": "Feature", "properties": { "row_number() OVER ()": 127 }, "geometry": { "type": "Polygon", "coordinates": [ [ [ 124.461438, -15.30074 ], [ 124.434411, -15.321639 ], [ 124.443309, -15.30658 ], [ 124.42053, -15.315599 ], [ 124.427479, -15.30558 ], [ 124.418749, -15.30731 ], [ 124.412778, -15.292861 ], [ 124.40282, -15.31286 ], [ 124.397559, -15.30712 ], [ 124.391872, -15.332458 ], [ 124.383651, -15.320299 ], [ 124.373792, -15.329359 ], [ 124.352571, -15.322219 ], [ 124.342849, -15.30983 ], [ 124.355578, -15.292151 ], [ 124.367059, -15.30837 ], [ 124.369298, -15.288371 ], [ 124.378138, -15.286071 ], [ 124.379568, -15.294431 ], [ 124.382448, -15.287191 ], [ 124.407118, -15.285161 ], [ 124.417487, -15.26388 ], [ 124.441057, -15.24977 ], [ 124.457167, -15.26966 ], [ 124.452827, -15.27897 ], [ 124.442147, -15.27222 ], [ 124.449857, -15.2904 ], [ 124.441868, -15.29823 ], [ 124.461438, -15.30074 ] ] ] } },
{ "type": "Feature", "properties": { "row_number() OVER ()": 128 }, "geometry": { "type": "Polygon", "coordinates": [ [ [ 124.455956, -15.860358 ], [ 124.447816, -15.844018 ], [ 124.451316, -15.834678 ], [ 124.455956, -15.860358 ] ] ] } },
{ "type": "Feature", "properties": { "row_number() OVER ()": 129 }, "geometry": { "type": "Polygon", "coordinates": [ [ [ 124.455566, -15.875828 ], [ 124.447916, -15.886258 ], [ 124.447346, -15.874628 ], [ 124.442506, -15.878938 ], [ 124.444796, -15.870118 ], [ 124.455566, -15.875828 ] ] ] } },
{ "type": "Feature", "properties": { "row_number() OVER ()": 130 }, "geometry": { "type": "Polygon", "coordinates": [ [ [ 124.404655, -15.530977 ], [ 124.400245, -15.534157 ], [ 124.400175, -15.524597 ], [ 124.404655, -15.530977 ] ] ] } },
{ "type": "Feature", "properties": { "row_number() OVER ()": 131 }, "geometry": { "type": "Polygon", "coordinates": [ [ [ 124.401214, -15.342458 ], [ 124.389584, -15.344878 ], [ 124.392113, -15.337978 ], [ 124.401214, -15.342458 ] ] ] } },
{ "type": "Feature", "properties": { "row_number() OVER ()": 132 }, "geometry": { "type": "Polygon", "coordinates": [ [ [ 124.399517, -15.22758 ], [ 124.392407, -15.250541 ], [ 124.392567, -15.234161 ], [ 124.385377, -15.239281 ], [ 124.384157, -15.228321 ], [ 124.399517, -15.22758 ] ] ] } },
{ "type": "Feature", "properties": { "row_number() OVER ()": 133 }, "geometry": { "type": "Polygon", "coordinates": [ [ [ 124.395807, -16.32091 ], [ 124.386087, -16.32233 ], [ 124.389507, -16.31647 ], [ 124.395807, -16.32091 ] ] ] } },
{ "type": "Feature", "properties": { "row_number() OVER ()": 134 }, "geometry": { "type": "Polygon", "coordinates": [ [ [ 124.374885, -15.390807 ], [ 124.366735, -15.391738 ], [ 124.372815, -15.397697 ], [ 124.366655, -15.398858 ], [ 124.337664, -15.376048 ], [ 124.352854, -15.360738 ], [ 124.366854, -15.366328 ], [ 124.363455, -15.386788 ], [ 124.374885, -15.390807 ] ] ] } },
{ "type": "Feature", "properties": { "row_number() OVER ()": 135 }, "geometry": { "type": "Polygon", "coordinates": [ [ [ 124.367487, -16.365071 ], [ 124.358647, -16.375991 ], [ 124.361517, -16.364251 ], [ 124.367487, -16.365071 ] ] ] } },
{ "type": "Feature", "properties": { "row_number() OVER ()": 136 }, "geometry": { "type": "Polygon", "coordinates": [ [ [ 124.358567, -16.346941 ], [ 124.353247, -16.358101 ], [ 124.347557, -16.349601 ], [ 124.355447, -16.340941 ], [ 124.358567, -16.346941 ] ] ] } },
{ "type": "Feature", "properties": { "row_number() OVER ()": 137 }, "geometry": { "type": "Polygon", "coordinates": [ [ [ 124.351247, -16.359221 ], [ 124.350987, -16.364311 ], [ 124.341057, -16.359851 ], [ 124.342037, -16.352961 ], [ 124.351247, -16.359221 ] ] ] } },
{ "type": "Feature", "properties": { "row_number() OVER ()": 138 }, "geometry": { "type": "Polygon", "coordinates": [ [ [ 124.349922, -15.330469 ], [ 124.339571, -15.332319 ], [ 124.336132, -15.344419 ], [ 124.318151, -15.35686 ], [ 124.303549, -15.351781 ], [ 124.336511, -15.32589 ], [ 124.34042, -15.3139 ], [ 124.349922, -15.330469 ] ] ] } },
{ "type": "Feature", "properties": { "row_number() OVER ()": 139 }, "geometry": { "type": "Polygon", "coordinates": [ [ [ 124.286928, -15.301911 ], [ 124.278358, -15.312451 ], [ 124.271968, -15.303931 ], [ 124.263218, -15.310701 ], [ 124.265798, -15.304931 ], [ 124.256868, -15.301672 ], [ 124.241709, -15.319702 ], [ 124.231809, -15.318722 ], [ 124.232548, -15.297482 ], [ 124.266018, -15.282451 ], [ 124.276368, -15.279701 ], [ 124.286928, -15.301911 ] ] ] } },
{ "type": "Feature", "properties": { "row_number() OVER ()": 140 }, "geometry": { "type": "Polygon", "coordinates": [ [ [ 124.259448, -16.384971 ], [ 124.251398, -16.401081 ], [ 124.237928, -16.400781 ], [ 124.223418, -16.380921 ], [ 124.216088, -16.354321 ], [ 124.222048, -16.355151 ], [ 124.221628, -16.347571 ], [ 124.245138, -16.389071 ], [ 124.247428, -16.378801 ], [ 124.259448, -16.384971 ] ] ] } },
{ "type": "Feature", "properties": { "row_number() OVER ()": 141 }, "geometry": { "type": "Polygon", "coordinates": [ [ [ 124.235186, -15.968719 ], [ 124.201066, -15.965 ], [ 124.185326, -15.92455 ], [ 124.192806, -15.93374 ], [ 124.190016, -15.91669 ], [ 124.204916, -15.923499 ], [ 124.211296, -15.95435 ], [ 124.233136, -15.952689 ], [ 124.235186, -15.968719 ] ] ] } },
{ "type": "Feature", "properties": { "row_number() OVER ()": 142 }, "geometry": { "type": "Polygon", "coordinates": [ [ [ 124.229576, -15.938239 ], [ 124.219276, -15.943049 ], [ 124.212446, -15.918649 ], [ 124.226726, -15.927069 ], [ 124.229576, -15.938239 ] ] ] } },
{ "type": "Feature", "properties": { "row_number() OVER ()": 143 }, "geometry": { "type": "Polygon", "coordinates": [ [ [ 124.229139, -15.320422 ], [ 124.224849, -15.325302 ], [ 124.213549, -15.318032 ], [ 124.227139, -15.314222 ], [ 124.229139, -15.320422 ] ] ] } },
{ "type": "Feature", "properties": { "row_number() OVER ()": 144 }, "geometry": { "type": "Polygon", "coordinates": [ [ [ 124.220096, -15.946089 ], [ 124.212096, -15.9496 ], [ 124.211806, -15.935249 ], [ 124.220096, -15.946089 ] ] ] } },
{ "type": "Feature", "properties": { "row_number() OVER ()": 145 }, "geometry": { "type": "Polygon", "coordinates": [ [ [ 124.208339, -15.330552 ], [ 124.206859, -15.337762 ], [ 124.188569, -15.337282 ], [ 124.208339, -15.330552 ] ] ] } },
{ "type": "Feature", "properties": { "row_number() OVER ()": 146 }, "geometry": { "type": "Polygon", "coordinates": [ [ [ 124.187286, -15.95343 ], [ 124.174836, -15.94838 ], [ 124.176896, -15.93798 ], [ 124.187286, -15.95343 ] ] ] } },
{ "type": "Feature", "properties": { "row_number() OVER ()": 147 }, "geometry": { "type": "Polygon", "coordinates": [ [ [ 124.146301, -33.843288 ], [ 124.140392, -33.862008 ], [ 124.130122, -33.862808 ], [ 124.136721, -33.852088 ], [ 124.130631, -33.841948 ], [ 124.146301, -33.843288 ] ] ] } },
{ "type": "Feature", "properties": { "row_number() OVER ()": 148 }, "geometry": { "type": "Polygon", "coordinates": [ [ [ 124.144068, -16.249811 ], [ 124.110018, -16.249942 ], [ 124.109728, -16.258302 ], [ 124.097608, -16.251112 ], [ 124.105018, -16.246072 ], [ 124.102148, -16.237122 ], [ 124.114068, -16.239792 ], [ 124.113078, -16.229162 ], [ 124.118968, -16.241292 ], [ 124.124388, -16.235562 ], [ 124.144068, -16.249811 ] ] ] } },
{ "type": "Feature", "properties": { "row_number() OVER ()": 149 }, "geometry": { "type": "Polygon", "coordinates": [ [ [ 124.103397, -16.120371 ], [ 124.098437, -16.126902 ], [ 124.097567, -16.117621 ], [ 124.103397, -16.120371 ] ] ] } },
{ "type": "Feature", "properties": { "row_number() OVER ()": 150 }, "geometry": { "type": "Polygon", "coordinates": [ [ [ 124.099247, -16.094241 ], [ 124.094427, -16.114892 ], [ 124.089367, -16.099522 ], [ 124.086357, -16.116312 ], [ 124.078087, -16.110722 ], [ 124.072067, -16.119952 ], [ 124.063217, -16.114012 ], [ 124.076967, -16.103932 ], [ 124.058717, -16.105732 ], [ 124.076517, -16.093842 ], [ 124.069147, -16.081432 ], [ 124.099247, -16.094241 ] ] ] } },
{ "type": "Feature", "properties": { "row_number() OVER ()": 151 }, "geometry": { "type": "Polygon", "coordinates": [ [ [ 124.098587, -16.158092 ], [ 124.093747, -16.164502 ], [ 124.066688, -16.153372 ], [ 124.066397, -16.144892 ], [ 124.073767, -16.144482 ], [ 124.069247, -16.138352 ], [ 124.074877, -16.135562 ], [ 124.084397, -16.146252 ], [ 124.079237, -16.131632 ], [ 124.088377, -16.145032 ], [ 124.094597, -16.142132 ], [ 124.089737, -16.151932 ], [ 124.098587, -16.158092 ] ] ] } },
{ "type": "Feature", "properties": { "row_number() OVER ()": 152 }, "geometry": { "type": "Polygon", "coordinates": [ [ [ 124.094238, -16.230632 ], [ 124.085888, -16.237922 ], [ 124.074708, -16.230392 ], [ 124.094238, -16.230632 ] ] ] } },
{ "type": "Feature", "properties": { "row_number() OVER ()": 153 }, "geometry": { "type": "Polygon", "coordinates": [ [ [ 124.084958, -16.167502 ], [ 124.077888, -16.174802 ], [ 124.068238, -16.166382 ], [ 124.080318, -16.161482 ], [ 124.084958, -16.167502 ] ] ] } },
{ "type": "Feature", "properties": { "row_number() OVER ()": 154 }, "geometry": { "type": "Polygon", "coordinates": [ [ [ 124.080308, -16.248622 ], [ 124.074418, -16.255032 ], [ 124.060478, -16.240252 ], [ 124.080308, -16.248622 ] ] ] } },
{ "type": "Feature", "properties": { "row_number() OVER ()": 155 }, "geometry": { "type": "Polygon", "coordinates": [ [ [ 123.940059, -16.276973 ], [ 123.92539, -16.282063 ], [ 123.90578, -16.276383 ], [ 123.912019, -16.270663 ], [ 123.90043, -16.271833 ], [ 123.897149, -16.256993 ], [ 123.86151, -16.236163 ], [ 123.885529, -16.246063 ], [ 123.876859, -16.232433 ], [ 123.940059, -16.276973 ] ] ] } },
{ "type": "Feature", "properties": { "row_number() OVER ()": 156 }, "geometry": { "type": "Polygon", "coordinates": [ [ [ 123.892899, -16.186323 ], [ 123.890639, -16.190943 ], [ 123.883089, -16.183423 ], [ 123.892899, -16.186323 ] ] ] } },
{ "type": "Feature", "properties": { "row_number() OVER ()": 157 }, "geometry": { "type": "Polygon", "coordinates": [ [ [ 123.891156, -34.102025 ], [ 123.885492, -34.108128 ], [ 123.885055, -34.101146 ], [ 123.891156, -34.102025 ] ] ] } },
{ "type": "Feature", "properties": { "row_number() OVER ()": 158 }, "geometry": { "type": "Polygon", "coordinates": [ [ [ 123.890659, -16.202923 ], [ 123.872759, -16.218163 ], [ 123.877589, -16.199543 ], [ 123.867479, -16.191333 ], [ 123.874049, -16.188333 ], [ 123.881639, -16.197803 ], [ 123.883989, -16.188743 ], [ 123.890659, -16.202923 ] ] ] } },
{ "type": "Feature", "properties": { "row_number() OVER ()": 159 }, "geometry": { "type": "Polygon", "coordinates": [ [ [ 123.88644, -16.280093 ], [ 123.87911, -16.289763 ], [ 123.87905, -16.281963 ], [ 123.86355, -16.273593 ], [ 123.8574, -16.253203 ], [ 123.88644, -16.280093 ] ] ] } },
{ "type": "Feature", "properties": { "row_number() OVER ()": 160 }, "geometry": { "type": "Polygon", "coordinates": [ [ [ 123.88518, -16.319723 ], [ 123.86483, -16.289883 ], [ 123.87662, -16.293813 ], [ 123.87283, -16.299433 ], [ 123.88518, -16.319723 ] ] ] } },
{ "type": "Feature", "properties": { "row_number() OVER ()": 161 }, "geometry": { "type": "Polygon", "coordinates": [ [ [ 123.883869, -16.173713 ], [ 123.881699, -16.182053 ], [ 123.876259, -16.174673 ], [ 123.883869, -16.173713 ] ] ] } },
{ "type": "Feature", "properties": { "row_number() OVER ()": 162 }, "geometry": { "type": "Polygon", "coordinates": [ [ [ 123.874299, -16.201783 ], [ 123.862589, -16.202493 ], [ 123.865439, -16.197193 ], [ 123.874299, -16.201783 ] ] ] } },
{ "type": "Feature", "properties": { "row_number() OVER ()": 163 }, "geometry": { "type": "Polygon", "coordinates": [ [ [ 123.85708, -16.278523 ], [ 123.84969, -16.280953 ], [ 123.84766, -16.271673 ], [ 123.85708, -16.278523 ] ] ] } },
{ "type": "Feature", "properties": { "row_number() OVER ()": 164 }, "geometry": { "type": "Polygon", "coordinates": [ [ [ 123.84502, -16.235593 ], [ 123.84345, -16.241913 ], [ 123.83762, -16.224343 ], [ 123.84502, -16.235593 ] ] ] } },
{ "type": "Feature", "properties": { "row_number() OVER ()": 165 }, "geometry": { "type": "Polygon", "coordinates": [ [ [ 123.842349, -16.189003 ], [ 123.838279, -16.214513 ], [ 123.830889, -16.203043 ], [ 123.842349, -16.189003 ] ] ] } },
{ "type": "Feature", "properties": { "row_number() OVER ()": 166 }, "geometry": { "type": "Polygon", "coordinates": [ [ [ 123.83545, -16.246713 ], [ 123.83154, -16.252443 ], [ 123.82596, -16.248113 ], [ 123.82647, -16.257383 ], [ 123.81948, -16.253933 ], [ 123.81795, -16.269303 ], [ 123.80411, -16.245233 ], [ 123.81566, -16.249053 ], [ 123.8105, -16.236123 ], [ 123.82767, -16.239753 ], [ 123.82262, -16.227513 ], [ 123.83133, -16.235033 ], [ 123.83107, -16.223673 ], [ 123.83545, -16.246713 ] ] ] } },
{ "type": "Feature", "properties": { "row_number() OVER ()": 167 }, "geometry": { "type": "Polygon", "coordinates": [ [ [ 123.81997, -16.208163 ], [ 123.81871, -16.218663 ], [ 123.81158, -16.204033 ], [ 123.81997, -16.208163 ] ] ] } },
{ "type": "Feature", "properties": { "row_number() OVER ()": 168 }, "geometry": { "type": "Polygon", "coordinates": [ [ [ 123.813379, -16.199013 ], [ 123.796979, -16.187073 ], [ 123.807839, -16.188513 ], [ 123.813379, -16.199013 ] ] ] } },
{ "type": "Feature", "properties": { "row_number() OVER ()": 169 }, "geometry": { "type": "Polygon", "coordinates": [ [ [ 123.808799, -16.200053 ], [ 123.79137, -16.200253 ], [ 123.771889, -16.165513 ], [ 123.777249, -16.163553 ], [ 123.784209, -16.180413 ], [ 123.808799, -16.200053 ] ] ] } },
{ "type": "Feature", "properties": { "row_number() OVER ()": 170 }, "geometry": { "type": "Polygon", "coordinates": [ [ [ 123.797439, -16.145363 ], [ 123.782319, -16.149433 ], [ 123.789029, -16.159833 ], [ 123.774489, -16.148133 ], [ 123.778049, -16.142393 ], [ 123.759169, -16.149023 ], [ 123.776589, -16.160263 ], [ 123.766099, -16.158573 ], [ 123.709179, -16.113923 ], [ 123.705399, -16.118983 ], [ 123.682889, -16.112013 ], [ 123.710649, -16.106253 ], [ 123.732069, -16.117843 ], [ 123.776899, -16.125653 ], [ 123.777599, -16.112543 ], [ 123.788699, -16.113653 ], [ 123.790799, -16.128133 ], [ 123.784449, -16.132263 ], [ 123.797439, -16.145363 ] ] ] } },
{ "type": "Feature", "properties": { "row_number() OVER ()": 171 }, "geometry": { "type": "Polygon", "coordinates": [ [ [ 123.754498, -16.263279 ], [ 123.765171, -16.269683 ], [ 123.756501, -16.271653 ], [ 123.742781, -16.261033 ], [ 123.754498, -16.263279 ] ] ] } },
{ "type": "Feature", "properties": { "row_number() OVER ()": 172 }, "geometry": { "type": "Polygon", "coordinates": [ [ [ 123.702957, -15.940013 ], [ 123.692467, -15.952793 ], [ 123.701587, -15.959333 ], [ 123.691657, -15.957873 ], [ 123.689218, -15.967143 ], [ 123.684417, -15.958903 ], [ 123.690807, -15.935283 ], [ 123.696647, -15.936513 ], [ 123.691497, -15.926243 ], [ 123.702957, -15.940013 ] ] ] } },
{ "type": "Feature", "properties": { "row_number() OVER ()": 173 }, "geometry": { "type": "Polygon", "coordinates": [ [ [ 123.698311, -16.355403 ], [ 123.688241, -16.356223 ], [ 123.678741, -16.344953 ], [ 123.698311, -16.355403 ] ] ] } },
{ "type": "Feature", "properties": { "row_number() OVER ()": 174 }, "geometry": { "type": "Polygon", "coordinates": [ [ [ 123.683302, -17.034349 ], [ 123.676103, -17.043359 ], [ 123.664652, -17.028399 ], [ 123.677482, -17.021669 ], [ 123.683302, -17.034349 ] ] ] } },
{ "type": "Feature", "properties": { "row_number() OVER ()": 175 }, "geometry": { "type": "Polygon", "coordinates": [ [ [ 123.672201, -16.356203 ], [ 123.653421, -16.348023 ], [ 123.668871, -16.348833 ], [ 123.672201, -16.356203 ] ] ] } },
{ "type": "Feature", "properties": { "row_number() OVER ()": 176 }, "geometry": { "type": "Polygon", "coordinates": [ [ [ 123.665822, -16.416291 ], [ 123.648352, -16.417952 ], [ 123.622162, -16.400552 ], [ 123.665822, -16.416291 ] ] ] } },
{ "type": "Feature", "properties": { "row_number() OVER ()": 177 }, "geometry": { "type": "Polygon", "coordinates": [ [ [ 123.658141, -16.344673 ], [ 123.630121, -16.335963 ], [ 123.648151, -16.335663 ], [ 123.658141, -16.344673 ] ] ] } },
{ "type": "Feature", "properties": { "row_number() OVER ()": 178 }, "geometry": { "type": "Polygon", "coordinates": [ [ [ 123.639979, -16.099334 ], [ 123.625179, -16.106674 ], [ 123.585069, -16.081454 ], [ 123.639979, -16.099334 ] ] ] } },
{ "type": "Feature", "properties": { "row_number() OVER ()": 179 }, "geometry": { "type": "Polygon", "coordinates": [ [ [ 123.629252, -16.354043 ], [ 123.606411, -16.342883 ], [ 123.600111, -16.327793 ], [ 123.627811, -16.345093 ], [ 123.629252, -16.354043 ] ] ] } },
{ "type": "Feature", "properties": { "row_number() OVER ()": 180 }, "geometry": { "type": "Polygon", "coordinates": [ [ [ 123.627372, -16.420602 ], [ 123.620393, -16.428342 ], [ 123.606902, -16.417832 ], [ 123.627372, -16.420602 ] ] ] } },
{ "type": "Feature", "properties": { "row_number() OVER ()": 181 }, "geometry": { "type": "Polygon", "coordinates": [ [ [ 123.5951, -16.160564 ], [ 123.58223, -16.160784 ], [ 123.57604, -16.146844 ], [ 123.59033, -16.144694 ], [ 123.5951, -16.160564 ] ] ] } },
{ "type": "Feature", "properties": { "row_number() OVER ()": 182 }, "geometry": { "type": "Polygon", "coordinates": [ [ [ 123.58008, -16.241364 ], [ 123.564521, -16.241345 ], [ 123.547171, -16.219825 ], [ 123.58008, -16.241364 ] ] ] } },
{ "type": "Feature", "properties": { "row_number() OVER ()": 183 }, "geometry": { "type": "Polygon", "coordinates": [ [ [ 123.576361, -16.263834 ], [ 123.566721, -16.268834 ], [ 123.572311, -16.258484 ], [ 123.576361, -16.263834 ] ] ] } },
{ "type": "Feature", "properties": { "row_number() OVER ()": 184 }, "geometry": { "type": "Polygon", "coordinates": [ [ [ 123.572981, -16.249674 ], [ 123.565961, -16.261934 ], [ 123.546281, -16.251925 ], [ 123.564581, -16.259884 ], [ 123.564251, -16.245075 ], [ 123.572981, -16.249674 ] ] ] } },
{ "type": "Feature", "properties": { "row_number() OVER ()": 185 }, "geometry": { "type": "Polygon", "coordinates": [ [ [ 123.564059, -16.078104 ], [ 123.550269, -16.077084 ], [ 123.5571, -16.096584 ], [ 123.54795, -16.099894 ], [ 123.55243, -16.095974 ], [ 123.54388, -16.085394 ], [ 123.53544, -16.087574 ], [ 123.53852, -16.095744 ], [ 123.52563, -16.086694 ], [ 123.522529, -16.069034 ], [ 123.537589, -16.058314 ], [ 123.564059, -16.078104 ] ] ] } },
{ "type": "Feature", "properties": { "row_number() OVER ()": 186 }, "geometry": { "type": "Polygon", "coordinates": [ [ [ 123.561677, -34.337796 ], [ 123.559537, -34.360006 ], [ 123.533998, -34.378066 ], [ 123.533847, -34.368826 ], [ 123.544717, -34.364646 ], [ 123.543077, -34.356416 ], [ 123.561677, -34.337796 ] ] ] } },
{ "type": "Feature", "properties": { "row_number() OVER ()": 187 }, "geometry": { "type": "Polygon", "coordinates": [ [ [ 123.559471, -16.605066 ], [ 123.550661, -16.607476 ], [ 123.552861, -16.597216 ], [ 123.559471, -16.605066 ] ] ] } },
{ "type": "Feature", "properties": { "row_number() OVER ()": 188 }, "geometry": { "type": "Polygon", "coordinates": [ [ [ 123.553747, -17.264932 ], [ 123.545267, -17.290322 ], [ 123.538447, -17.242032 ], [ 123.543667, -17.232562 ], [ 123.551857, -17.241422 ], [ 123.553747, -17.264932 ] ] ] } },
{ "type": "Feature", "properties": { "row_number() OVER ()": 189 }, "geometry": { "type": "Polygon", "coordinates": [ [ [ 123.551969, -16.046464 ], [ 123.530189, -16.050444 ], [ 123.508429, -16.024304 ], [ 123.517089, -16.026814 ], [ 123.522089, -16.017254 ], [ 123.529389, -16.023654 ], [ 123.521999, -16.026864 ], [ 123.527059, -16.035044 ], [ 123.533539, -16.030014 ], [ 123.540419, -16.044094 ], [ 123.551969, -16.046464 ] ] ] } },
{ "type": "Feature", "properties": { "row_number() OVER ()": 190 }, "geometry": { "type": "Polygon", "coordinates": [ [ [ 123.551777, -17.305272 ], [ 123.545948, -17.318472 ], [ 123.542967, -17.303652 ], [ 123.551777, -17.305272 ] ] ] } },
{ "type": "Feature", "properties": { "row_number() OVER ()": 191 }, "geometry": { "type": "Polygon", "coordinates": [ [ [ 123.547791, -16.265395 ], [ 123.546661, -16.273515 ], [ 123.525681, -16.277285 ], [ 123.503391, -16.258435 ], [ 123.524391, -16.265185 ], [ 123.539511, -16.262715 ], [ 123.539231, -16.255145 ], [ 123.547791, -16.265395 ] ] ] } },
{ "type": "Feature", "properties": { "row_number() OVER ()": 192 }, "geometry": { "type": "Polygon", "coordinates": [ [ [ 123.546407, -17.297342 ], [ 123.540857, -17.301152 ], [ 123.537257, -17.291982 ], [ 123.546407, -17.297342 ] ] ] } },
{ "type": "Feature", "properties": { "row_number() OVER ()": 193 }, "geometry": { "type": "Polygon", "coordinates": [ [ [ 123.54628, -16.202865 ], [ 123.54527, -16.210425 ], [ 123.53928, -16.187655 ], [ 123.54628, -16.202865 ] ] ] } },
{ "type": "Feature", "properties": { "row_number() OVER ()": 194 }, "geometry": { "type": "Polygon", "coordinates": [ [ [ 123.538491, -16.592456 ], [ 123.522781, -16.604856 ], [ 123.517852, -16.580845 ], [ 123.527242, -16.579575 ], [ 123.529242, -16.591466 ], [ 123.538491, -16.592456 ] ] ] } },
{ "type": "Feature", "properties": { "row_number() OVER ()": 195 }, "geometry": { "type": "Polygon", "coordinates": [ [ [ 123.536827, -34.009693 ], [ 123.527637, -34.023343 ], [ 123.523697, -34.006883 ], [ 123.536827, -34.009693 ] ] ] } },
{ "type": "Feature", "properties": { "row_number() OVER ()": 196 }, "geometry": { "type": "Polygon", "coordinates": [ [ [ 123.535228, -17.321252 ], [ 123.531288, -17.332192 ], [ 123.528237, -17.307092 ], [ 123.535228, -17.321252 ] ] ] } },
{ "type": "Feature", "properties": { "row_number() OVER ()": 197 }, "geometry": { "type": "Polygon", "coordinates": [ [ [ 123.53494, -16.152795 ], [ 123.53466, -16.157885 ], [ 123.52601, -16.144695 ], [ 123.53494, -16.152795 ] ] ] } },
{ "type": "Feature", "properties": { "row_number() OVER ()": 198 }, "geometry": { "type": "Polygon", "coordinates": [ [ [ 123.531241, -16.258465 ], [ 123.497041, -16.249675 ], [ 123.491331, -16.259115 ], [ 123.505771, -16.266375 ], [ 123.506631, -16.274295 ], [ 123.489791, -16.284765 ], [ 123.479781, -16.244095 ], [ 123.447401, -16.228875 ], [ 123.447621, -16.218245 ], [ 123.457311, -16.208955 ], [ 123.479011, -16.214355 ], [ 123.473831, -16.220145 ], [ 123.488041, -16.224835 ], [ 123.478071, -16.226895 ], [ 123.490671, -16.243285 ], [ 123.531241, -16.258465 ] ] ] } },
{ "type": "Feature", "properties": { "row_number() OVER ()": 199 }, "geometry": { "type": "Polygon", "coordinates": [ [ [ 123.531181, -16.609346 ], [ 123.509541, -16.640466 ], [ 123.480531, -16.633756 ], [ 123.456542, -16.617146 ], [ 123.489181, -16.615486 ], [ 123.508221, -16.631406 ], [ 123.502321, -16.623556 ], [ 123.512281, -16.611776 ], [ 123.531181, -16.609346 ] ] ] } },
{ "type": "Feature", "properties": { "row_number() OVER ()": 200 }, "geometry": { "type": "Polygon", "coordinates": [ [ [ 123.526168, -17.344372 ], [ 123.523859, -17.358492 ], [ 123.515738, -17.335962 ], [ 123.526168, -17.344372 ] ] ] } },
{ "type": "Feature", "properties": { "row_number() OVER ()": 201 }, "geometry": { "type": "Polygon", "coordinates": [ [ [ 123.52516, -16.147515 ], [ 123.523141, -16.162975 ], [ 123.505261, -16.161915 ], [ 123.511501, -16.145465 ], [ 123.51938, -16.140905 ], [ 123.52516, -16.147515 ] ] ] } },
{ "type": "Feature", "properties": { "row_number() OVER ()": 202 }, "geometry": { "type": "Polygon", "coordinates": [ [ [ 123.521711, -16.275895 ], [ 123.515061, -16.298675 ], [ 123.512521, -16.282485 ], [ 123.521711, -16.275895 ] ] ] } },
{ "type": "Feature", "properties": { "row_number() OVER ()": 203 }, "geometry": { "type": "Polygon", "coordinates": [ [ [ 123.493402, -16.600296 ], [ 123.478422, -16.609996 ], [ 123.483812, -16.598066 ], [ 123.493402, -16.600296 ] ] ] } },
{ "type": "Feature", "properties": { "row_number() OVER ()": 204 }, "geometry": { "type": "Polygon", "coordinates": [ [ [ 123.460991, -16.167835 ], [ 123.428301, -16.162225 ], [ 123.454281, -16.154745 ], [ 123.460991, -16.167835 ] ] ] } },
{ "type": "Feature", "properties": { "row_number() OVER ()": 205 }, "geometry": { "type": "Polygon", "coordinates": [ [ [ 123.459381, -16.269815 ], [ 123.442801, -16.267716 ], [ 123.446951, -16.274316 ], [ 123.438251, -16.278296 ], [ 123.434571, -16.271026 ], [ 123.438761, -16.262366 ], [ 123.459381, -16.269815 ] ] ] } },
{ "type": "Feature", "properties": { "row_number() OVER ()": 206 }, "geometry": { "type": "Polygon", "coordinates": [ [ [ 123.457898, -17.335873 ], [ 123.456149, -17.342233 ], [ 123.447099, -17.338233 ], [ 123.443528, -17.324653 ], [ 123.457898, -17.335873 ] ] ] } },
{ "type": "Feature", "properties": { "row_number() OVER ()": 207 }, "geometry": { "type": "Polygon", "coordinates": [ [ [ 123.455532, -16.530435 ], [ 123.429332, -16.524876 ], [ 123.441432, -16.521825 ], [ 123.455532, -16.530435 ] ] ] } },
{ "type": "Feature", "properties": { "row_number() OVER ()": 208 }, "geometry": { "type": "Polygon", "coordinates": [ [ [ 123.446, -16.088115 ], [ 123.43427, -16.091845 ], [ 123.44212, -16.113625 ], [ 123.42449, -16.087795 ], [ 123.43232, -16.087425 ], [ 123.43267, -16.076455 ], [ 123.446, -16.088115 ] ] ] } },
{ "type": "Feature", "properties": { "row_number() OVER ()": 209 }, "geometry": { "type": "Polygon", "coordinates": [ [ [ 123.435441, -16.277706 ], [ 123.422101, -16.278036 ], [ 123.432481, -16.269996 ], [ 123.435441, -16.277706 ] ] ] } },
{ "type": "Feature", "properties": { "row_number() OVER ()": 210 }, "geometry": { "type": "Polygon", "coordinates": [ [ [ 123.430001, -16.283646 ], [ 123.421051, -16.289446 ], [ 123.416521, -16.274476 ], [ 123.430001, -16.283646 ] ] ] } },
{ "type": "Feature", "properties": { "row_number() OVER ()": 211 }, "geometry": { "type": "Polygon", "coordinates": [ [ [ 123.423888, -17.322183 ], [ 123.403658, -17.319363 ], [ 123.399528, -17.300693 ], [ 123.423888, -17.322183 ] ] ] } },
{ "type": "Feature", "properties": { "row_number() OVER ()": 212 }, "geometry": { "type": "Polygon", "coordinates": [ [ [ 123.42252, -16.131755 ], [ 123.41417, -16.136875 ], [ 123.40807, -16.126415 ], [ 123.40027, -16.134485 ], [ 123.38934, -16.129065 ], [ 123.39536, -16.123915 ], [ 123.3899, -16.119465 ], [ 123.40046, -16.116735 ], [ 123.39351, -16.109665 ], [ 123.40135, -16.108835 ], [ 123.40257, -16.117825 ], [ 123.42252, -16.131755 ] ] ] } },
{ "type": "Feature", "properties": { "row_number() OVER ()": 213 }, "geometry": { "type": "Polygon", "coordinates": [ [ [ 123.422142, -16.343036 ], [ 123.414762, -16.343536 ], [ 123.418862, -16.332376 ], [ 123.422142, -16.343036 ] ] ] } },
{ "type": "Feature", "properties": { "row_number() OVER ()": 214 }, "geometry": { "type": "Polygon", "coordinates": [ [ [ 123.41937, -16.084585 ], [ 123.40497, -16.086375 ], [ 123.40632, -16.080165 ], [ 123.38924, -16.069825 ], [ 123.41937, -16.084585 ] ] ] } },
{ "type": "Feature", "properties": { "row_number() OVER ()": 215 }, "geometry": { "type": "Polygon", "coordinates": [ [ [ 123.403002, -16.372136 ], [ 123.399642, -16.380576 ], [ 123.383322, -16.373186 ], [ 123.403002, -16.372136 ] ] ] } },
{ "type": "Feature", "properties": { "row_number() OVER ()": 216 }, "geometry": { "type": "Polygon", "coordinates": [ [ [ 123.400362, -16.527766 ], [ 123.387832, -16.527196 ], [ 123.380082, -16.517176 ], [ 123.398282, -16.513056 ], [ 123.400362, -16.527766 ] ] ] } },
{ "type": "Feature", "properties": { "row_number() OVER ()": 217 }, "geometry": { "type": "Polygon", "coordinates": [ [ [ 123.391252, -16.582626 ], [ 123.387972, -16.604636 ], [ 123.362992, -16.583596 ], [ 123.348152, -16.544906 ], [ 123.352412, -16.530136 ], [ 123.358612, -16.530986 ], [ 123.364682, -16.556026 ], [ 123.391252, -16.582626 ] ] ] } },
{ "type": "Feature", "properties": { "row_number() OVER ()": 218 }, "geometry": { "type": "Polygon", "coordinates": [ [ [ 123.37639, -16.058285 ], [ 123.35817, -16.056755 ], [ 123.36162, -16.050045 ], [ 123.37639, -16.058285 ] ] ] } },
{ "type": "Feature", "properties": { "row_number() OVER ()": 219 }, "geometry": { "type": "Polygon", "coordinates": [ [ [ 123.361102, -16.427126 ], [ 123.359682, -16.439096 ], [ 123.344842, -16.447086 ], [ 123.346332, -16.417256 ], [ 123.361102, -16.427126 ] ] ] } },
{ "type": "Feature", "properties": { "row_number() OVER ()": 220 }, "geometry": { "type": "Polygon", "coordinates": [ [ [ 123.357412, -16.361407 ], [ 123.335932, -16.358717 ], [ 123.334682, -16.332817 ], [ 123.349362, -16.339737 ], [ 123.357412, -16.361407 ] ] ] } },
{ "type": "Feature", "properties": { "row_number() OVER ()": 221 }, "geometry": { "type": "Polygon", "coordinates": [ [ [ 123.350751, -16.162046 ], [ 123.341751, -16.161166 ], [ 123.345991, -16.169566 ], [ 123.335841, -16.166986 ], [ 123.319851, -16.152916 ], [ 123.327241, -16.150846 ], [ 123.322151, -16.145366 ], [ 123.333871, -16.154416 ], [ 123.344341, -16.149206 ], [ 123.350751, -16.162046 ] ] ] } },
{ "type": "Feature", "properties": { "row_number() OVER ()": 222 }, "geometry": { "type": "Polygon", "coordinates": [ [ [ 123.327591, -16.139886 ], [ 123.309431, -16.142756 ], [ 123.307981, -16.136636 ], [ 123.327591, -16.139886 ] ] ] } },
{ "type": "Feature", "properties": { "row_number() OVER ()": 223 }, "geometry": { "type": "Polygon", "coordinates": [ [ [ 123.318522, -16.322257 ], [ 123.309302, -16.320357 ], [ 123.308972, -16.307007 ], [ 123.318522, -16.322257 ] ] ] } },
{ "type": "Feature", "properties": { "row_number() OVER ()": 224 }, "geometry": { "type": "Polygon", "coordinates": [ [ [ 123.316771, -16.134916 ], [ 123.301891, -16.137596 ], [ 123.289971, -16.125946 ], [ 123.316771, -16.134916 ] ] ] } },
{ "type": "Feature", "properties": { "row_number() OVER ()": 225 }, "geometry": { "type": "Polygon", "coordinates": [ [ [ 123.31376, -16.033365 ], [ 123.29492, -16.045956 ], [ 123.27753, -16.043406 ], [ 123.31376, -16.033365 ] ] ] } },
{ "type": "Feature", "properties": { "row_number() OVER ()": 226 }, "geometry": { "type": "Polygon", "coordinates": [ [ [ 123.305812, -16.306977 ], [ 123.302082, -16.316207 ], [ 123.299972, -16.306237 ], [ 123.305812, -16.306977 ] ] ] } },
{ "type": "Feature", "properties": { "row_number() OVER ()": 227 }, "geometry": { "type": "Polygon", "coordinates": [ [ [ 123.297452, -16.300787 ], [ 123.295872, -16.306087 ], [ 123.290882, -16.301627 ], [ 123.297452, -16.300787 ] ] ] } },
{ "type": "Feature", "properties": { "row_number() OVER ()": 228 }, "geometry": { "type": "Polygon", "coordinates": [ [ [ 123.225803, -16.407458 ], [ 123.213343, -16.422588 ], [ 123.199383, -16.424708 ], [ 123.213083, -16.393198 ], [ 123.225803, -16.407458 ] ] ] } },
{ "type": "Feature", "properties": { "row_number() OVER ()": 229 }, "geometry": { "type": "Polygon", "coordinates": [ [ [ 123.216378, -34.088235 ], [ 123.207209, -34.119455 ], [ 123.205889, -34.107725 ], [ 123.192979, -34.117396 ], [ 123.193819, -34.108595 ], [ 123.180809, -34.107556 ], [ 123.173159, -34.124456 ], [ 123.170619, -34.113736 ], [ 123.161119, -34.116876 ], [ 123.157479, -34.110326 ], [ 123.170288, -34.090396 ], [ 123.201728, -34.092945 ], [ 123.214638, -34.080895 ], [ 123.216378, -34.088235 ] ] ] } },
{ "type": "Feature", "properties": { "row_number() OVER ()": 230 }, "geometry": { "type": "Polygon", "coordinates": [ [ [ 123.211453, -16.392728 ], [ 123.192493, -16.432768 ], [ 123.185353, -16.432468 ], [ 123.183843, -16.421258 ], [ 123.176563, -16.433508 ], [ 123.166583, -16.425149 ], [ 123.178863, -16.406059 ], [ 123.168163, -16.389109 ], [ 123.187163, -16.386368 ], [ 123.191143, -16.397038 ], [ 123.205893, -16.387128 ], [ 123.211453, -16.392728 ] ] ] } },
{ "type": "Feature", "properties": { "row_number() OVER ()": 231 }, "geometry": { "type": "Polygon", "coordinates": [ [ [ 123.188488, -34.078365 ], [ 123.183178, -34.087155 ], [ 123.178728, -34.079815 ], [ 123.188488, -34.078365 ] ] ] } },
{ "type": "Feature", "properties": { "row_number() OVER ()": 232 }, "geometry": { "type": "Polygon", "coordinates": [ [ [ 123.167983, -16.405039 ], [ 123.152423, -16.423529 ], [ 123.159363, -16.400659 ], [ 123.167983, -16.405039 ] ] ] } },
{ "type": "Feature", "properties": { "row_number() OVER ()": 233 }, "geometry": { "type": "Polygon", "coordinates": [ [ [ 123.166635, -15.528529 ], [ 123.152765, -15.532459 ], [ 123.153605, -15.511449 ], [ 123.166635, -15.528529 ] ] ] } },
{ "type": "Feature", "properties": { "row_number() OVER ()": 234 }, "geometry": { "type": "Polygon", "coordinates": [ [ [ 123.158473, -16.397139 ], [ 123.143453, -16.389409 ], [ 123.152723, -16.387129 ], [ 123.158473, -16.397139 ] ] ] } },
{ "type": "Feature", "properties": { "row_number() OVER ()": 235 }, "geometry": { "type": "Polygon", "coordinates": [ [ [ 123.135823, -16.400859 ], [ 123.124963, -16.408539 ], [ 123.124903, -16.423799 ], [ 123.118043, -16.409369 ], [ 123.126113, -16.398379 ], [ 123.135823, -16.400859 ] ] ] } },
{ "type": "Feature", "properties": { "row_number() OVER ()": 236 }, "geometry": { "type": "Polygon", "coordinates": [ [ [ 123.129223, -16.434929 ], [ 123.104123, -16.437479 ], [ 123.090913, -16.425919 ], [ 123.107323, -16.424289 ], [ 123.129223, -16.434929 ] ] ] } },
{ "type": "Feature", "properties": { "row_number() OVER ()": 237 }, "geometry": { "type": "Polygon", "coordinates": [ [ [ 122.862299, -33.982616 ], [ 122.813979, -34.003036 ], [ 122.843339, -33.983116 ], [ 122.862299, -33.982616 ] ] ] } },
{ "type": "Feature", "properties": { "row_number() OVER ()": 238 }, "geometry": { "type": "Polygon", "coordinates": [ [ [ 122.813069, -34.008576 ], [ 122.799569, -34.014226 ], [ 122.798419, -34.004466 ], [ 122.807739, -34.000696 ], [ 122.813069, -34.008576 ] ] ] } },
{ "type": "Feature", "properties": { "row_number() OVER ()": 239 }, "geometry": { "type": "Polygon", "coordinates": [ [ [ 122.65492, -33.996987 ], [ 122.65194, -34.002627 ], [ 122.64734, -33.998237 ], [ 122.65492, -33.996987 ] ] ] } },
{ "type": "Feature", "properties": { "row_number() OVER ()": 240 }, "geometry": { "type": "Polygon", "coordinates": [ [ [ 122.261105, -34.12415 ], [ 122.252565, -34.127881 ], [ 122.256164, -34.142961 ], [ 122.249174, -34.145101 ], [ 122.246334, -34.161311 ], [ 122.235684, -34.158881 ], [ 122.239143, -34.126411 ], [ 122.231214, -34.126531 ], [ 122.238464, -34.11992 ], [ 122.231354, -34.10862 ], [ 122.261105, -34.12415 ] ] ] } },
{ "type": "Feature", "properties": { "row_number() OVER ()": 241 }, "geometry": { "type": "Polygon", "coordinates": [ [ [ 122.151673, -34.033439 ], [ 122.128523, -34.029409 ], [ 122.147073, -34.027169 ], [ 122.151673, -34.033439 ] ] ] } },
{ "type": "Feature", "properties": { "row_number() OVER ()": 242 }, "geometry": { "type": "Polygon", "coordinates": [ [ [ 122.126503, -16.85257 ], [ 122.101863, -16.85507 ], [ 122.112663, -16.85845 ], [ 122.092593, -16.854631 ], [ 122.126503, -16.85257 ] ] ] } },
{ "type": "Feature", "properties": { "row_number() OVER ()": 243 }, "geometry": { "type": "Polygon", "coordinates": [ [ [ 122.109584, -34.06435 ], [ 122.097724, -34.06462 ], [ 122.103624, -34.05904 ], [ 122.109584, -34.06435 ] ] ] } },
{ "type": "Feature", "properties": { "row_number() OVER ()": 244 }, "geometry": { "type": "Polygon", "coordinates": [ [ [ 122.059017, -34.145891 ], [ 122.038627, -34.141572 ], [ 122.050357, -34.137912 ], [ 122.059017, -34.145891 ] ] ] } },
{ "type": "Feature", "properties": { "row_number() OVER ()": 245 }, "geometry": { "type": "Polygon", "coordinates": [ [ [ 122.026873, -33.96346 ], [ 122.004353, -33.97092 ], [ 122.002263, -33.95806 ], [ 122.026873, -33.96346 ] ] ] } },
{ "type": "Feature", "properties": { "row_number() OVER ()": 246 }, "geometry": { "type": "Polygon", "coordinates": [ [ [ 122.011284, -34.024181 ], [ 121.993355, -34.042161 ], [ 121.982475, -34.036721 ], [ 122.011284, -34.024181 ] ] ] } },
{ "type": "Feature", "properties": { "row_number() OVER ()": 247 }, "geometry": { "type": "Polygon", "coordinates": [ [ [ 122.004794, -33.98727 ], [ 121.987044, -33.988881 ], [ 121.995353, -33.98046 ], [ 122.004794, -33.98727 ] ] ] } },
{ "type": "Feature", "properties": { "row_number() OVER ()": 248 }, "geometry": { "type": "Polygon", "coordinates": [ [ [ 121.992693, -33.97312 ], [ 121.981824, -33.979161 ], [ 121.976315, -33.972832 ], [ 121.992693, -33.97312 ] ] ] } },
{ "type": "Feature", "properties": { "row_number() OVER ()": 249 }, "geometry": { "type": "Polygon", "coordinates": [ [ [ 121.984127, -34.117533 ], [ 121.973548, -34.120163 ], [ 121.975807, -34.113843 ], [ 121.984127, -34.117533 ] ] ] } },
{ "type": "Feature", "properties": { "row_number() OVER ()": 250 }, "geometry": { "type": "Polygon", "coordinates": [ [ [ 121.979725, -34.049472 ], [ 121.953565, -34.055912 ], [ 121.957795, -34.045022 ], [ 121.979725, -34.049472 ] ] ] } },
{ "type": "Feature", "properties": { "row_number() OVER ()": 251 }, "geometry": { "type": "Polygon", "coordinates": [ [ [ 121.910222, -33.917719 ], [ 121.903813, -33.924559 ], [ 121.896672, -33.920019 ], [ 121.910222, -33.917719 ] ] ] } },
{ "type": "Feature", "properties": { "row_number() OVER ()": 252 }, "geometry": { "type": "Polygon", "coordinates": [ [ [ 121.883822, -33.920179 ], [ 121.874292, -33.926889 ], [ 121.868372, -33.922459 ], [ 121.883822, -33.920179 ] ] ] } },
{ "type": "Feature", "properties": { "row_number() OVER ()": 253 }, "geometry": { "type": "Polygon", "coordinates": [ [ [ 121.803543, -33.924811 ], [ 121.795934, -33.928591 ], [ 121.788424, -33.920549 ], [ 121.803543, -33.924811 ] ] ] } },
{ "type": "Feature", "properties": { "row_number() OVER ()": 254 }, "geometry": { "type": "Polygon", "coordinates": [ [ [ 121.689596, -34.005122 ], [ 121.669176, -34.002433 ], [ 121.669706, -33.994753 ], [ 121.679996, -33.994373 ], [ 121.689596, -34.005122 ] ] ] } },
{ "type": "Feature", "properties": { "row_number() OVER ()": 255 }, "geometry": { "type": "Polygon", "coordinates": [ [ [ 121.616807, -34.018844 ], [ 121.605967, -34.039344 ], [ 121.593107, -34.028943 ], [ 121.605567, -34.028834 ], [ 121.607917, -34.013664 ], [ 121.616807, -34.018844 ] ] ] } },
{ "type": "Feature", "properties": { "row_number() OVER ()": 256 }, "geometry": { "type": "Polygon", "coordinates": [ [ [ 119.613867, -34.375885 ], [ 119.605835, -34.378036 ], [ 119.598657, -34.368456 ], [ 119.613867, -34.375885 ] ] ] } },
{ "type": "Feature", "properties": { "row_number() OVER ()": 257 }, "geometry": { "type": "Polygon", "coordinates": [ [ [ 118.527655, -20.312141 ], [ 118.510665, -20.323751 ], [ 118.499545, -20.318621 ], [ 118.511755, -20.309091 ], [ 118.527655, -20.312141 ] ] ] } },
{ "type": "Feature", "properties": { "row_number() OVER ()": 258 }, "geometry": { "type": "Polygon", "coordinates": [ [ [ 118.486712, -34.921999 ], [ 118.477923, -34.936849 ], [ 118.466729, -34.935495 ], [ 118.43686, -34.910698 ], [ 118.441545, -34.90405 ], [ 118.456806, -34.904944 ], [ 118.486712, -34.921999 ] ] ] } },
{ "type": "Feature", "properties": { "row_number() OVER ()": 259 }, "geometry": { "type": "Polygon", "coordinates": [ [ [ 118.069948, -35.064917 ], [ 118.044119, -35.066411 ], [ 118.039712, -35.059841 ], [ 118.069948, -35.064917 ] ] ] } },
{ "type": "Feature", "properties": { "row_number() OVER ()": 260 }, "geometry": { "type": "Polygon", "coordinates": [ [ [ 117.874168, -20.516177 ], [ 117.862358, -20.532148 ], [ 117.845238, -20.539198 ], [ 117.874168, -20.516177 ] ] ] } },
{ "type": "Feature", "properties": { "row_number() OVER ()": 261 }, "geometry": { "type": "Polygon", "coordinates": [ [ [ 117.744051, -20.62725 ], [ 117.734171, -20.65371 ], [ 117.711371, -20.64298 ], [ 117.717111, -20.60756 ], [ 117.733961, -20.6266 ], [ 117.744051, -20.62725 ] ] ] } },
{ "type": "Feature", "properties": { "row_number() OVER ()": 262 }, "geometry": { "type": "Polygon", "coordinates": [ [ [ 117.089441, -20.616303 ], [ 117.058322, -20.638793 ], [ 117.037842, -20.635984 ], [ 117.072522, -20.616283 ], [ 117.089441, -20.616303 ] ] ] } },
{ "type": "Feature", "properties": { "row_number() OVER ()": 263 }, "geometry": { "type": "Polygon", "coordinates": [ [ [ 117.084729, -20.446752 ], [ 117.075959, -20.465602 ], [ 117.074439, -20.433752 ], [ 117.068689, -20.430922 ], [ 117.081849, -20.431522 ], [ 117.084729, -20.446752 ] ] ] } },
{ "type": "Feature", "properties": { "row_number() OVER ()": 264 }, "geometry": { "type": "Polygon", "coordinates": [ [ [ 116.975219, -20.439783 ], [ 116.973819, -20.445323 ], [ 116.960049, -20.430173 ], [ 116.966129, -20.425953 ], [ 116.975219, -20.439783 ] ] ] } },
{ "type": "Feature", "properties": { "row_number() OVER ()": 265 }, "geometry": { "type": "Polygon", "coordinates": [ [ [ 116.952899, -20.420053 ], [ 116.929889, -20.418394 ], [ 116.849338, -20.378805 ], [ 116.831809, -20.354075 ], [ 116.838499, -20.352006 ], [ 116.952899, -20.420053 ] ] ] } },
{ "type": "Feature", "properties": { "row_number() OVER ()": 266 }, "geometry": { "type": "Polygon", "coordinates": [ [ [ 116.886349, -20.480536 ], [ 116.878981, -20.505426 ], [ 116.86612, -20.518596 ], [ 116.856071, -20.511616 ], [ 116.837001, -20.520006 ], [ 116.816122, -20.517866 ], [ 116.854348, -20.445166 ], [ 116.885701, -20.423638 ], [ 116.873118, -20.456576 ], [ 116.862718, -20.459796 ], [ 116.862549, -20.469736 ], [ 116.870429, -20.465736 ], [ 116.869809, -20.480076 ], [ 116.860889, -20.489386 ], [ 116.867641, -20.495326 ], [ 116.886349, -20.480536 ] ] ] } },
{ "type": "Feature", "properties": { "row_number() OVER ()": 267 }, "geometry": { "type": "Polygon", "coordinates": [ [ [ 116.844128, -20.457306 ], [ 116.837418, -20.458476 ], [ 116.843008, -20.452006 ], [ 116.844128, -20.457306 ] ] ] } },
{ "type": "Feature", "properties": { "row_number() OVER ()": 268 }, "geometry": { "type": "Polygon", "coordinates": [ [ [ 116.838758, -20.426296 ], [ 116.825078, -20.458326 ], [ 116.798329, -20.472587 ], [ 116.799148, -20.451467 ], [ 116.815558, -20.450246 ], [ 116.823238, -20.434626 ], [ 116.838758, -20.426296 ] ] ] } },
{ "type": "Feature", "properties": { "row_number() OVER ()": 269 }, "geometry": { "type": "Polygon", "coordinates": [ [ [ 116.820204, -20.416699 ], [ 116.811248, -20.414596 ], [ 116.823788, -20.409215 ], [ 116.82118, -20.416644 ], [ 116.834138, -20.415925 ], [ 116.812378, -20.440776 ], [ 116.818088, -20.416816 ], [ 116.820204, -20.416699 ] ] ] } },
{ "type": "Feature", "properties": { "row_number() OVER ()": 270 }, "geometry": { "type": "Polygon", "coordinates": [ [ [ 116.827288, -20.465986 ], [ 116.799342, -20.518307 ], [ 116.786862, -20.515777 ], [ 116.80534, -20.481466 ], [ 116.802588, -20.474646 ], [ 116.827288, -20.465986 ] ] ] } },
{ "type": "Feature", "properties": { "row_number() OVER ()": 271 }, "geometry": { "type": "Polygon", "coordinates": [ [ [ 116.697464, -20.644838 ], [ 116.683404, -20.662178 ], [ 116.675484, -20.661878 ], [ 116.674544, -20.651818 ], [ 116.697464, -20.644838 ] ] ] } },
{ "type": "Feature", "properties": { "row_number() OVER ()": 272 }, "geometry": { "type": "Polygon", "coordinates": [ [ [ 116.692212, -20.505437 ], [ 116.690013, -20.518997 ], [ 116.677213, -20.523237 ], [ 116.678052, -20.503697 ], [ 116.692212, -20.505437 ] ] ] } },
{ "type": "Feature", "properties": { "row_number() OVER ()": 273 }, "geometry": { "type": "Polygon", "coordinates": [ [ [ 116.680673, -20.584068 ], [ 116.670073, -20.596538 ], [ 116.677403, -20.599438 ], [ 116.667374, -20.628388 ], [ 116.649934, -20.621248 ], [ 116.635363, -20.632378 ], [ 116.649333, -20.599118 ], [ 116.668153, -20.596998 ], [ 116.680673, -20.584068 ] ] ] } },
{ "type": "Feature", "properties": { "row_number() OVER ()": 274 }, "geometry": { "type": "Polygon", "coordinates": [ [ [ 116.676393, -20.548978 ], [ 116.635343, -20.607768 ], [ 116.600103, -20.612219 ], [ 116.605703, -20.604778 ], [ 116.597172, -20.602749 ], [ 116.613433, -20.593078 ], [ 116.624243, -20.572368 ], [ 116.643363, -20.560428 ], [ 116.649633, -20.567058 ], [ 116.671023, -20.545658 ], [ 116.676393, -20.548978 ] ] ] } },
{ "type": "Feature", "properties": { "row_number() OVER ()": 275 }, "geometry": { "type": "Polygon", "coordinates": [ [ [ 116.671183, -20.518177 ], [ 116.661653, -20.526998 ], [ 116.656143, -20.517418 ], [ 116.671183, -20.518177 ] ] ] } },
{ "type": "Feature", "properties": { "row_number() OVER ()": 276 }, "geometry": { "type": "Polygon", "coordinates": [ [ [ 116.662114, -20.675499 ], [ 116.656864, -20.680709 ], [ 116.650934, -20.672049 ], [ 116.662114, -20.675499 ] ] ] } },
{ "type": "Feature", "properties": { "row_number() OVER ()": 277 }, "geometry": { "type": "Polygon", "coordinates": [ [ [ 116.650012, -20.548878 ], [ 116.645513, -20.558268 ], [ 116.635382, -20.555068 ], [ 116.650012, -20.548878 ] ] ] } },
{ "type": "Feature", "properties": { "row_number() OVER ()": 278 }, "geometry": { "type": "Polygon", "coordinates": [ [ [ 116.635012, -20.458967 ], [ 116.627712, -20.460247 ], [ 116.626842, -20.453697 ], [ 116.635012, -20.458967 ] ] ] } },
{ "type": "Feature", "properties": { "row_number() OVER ()": 279 }, "geometry": { "type": "Polygon", "coordinates": [ [ [ 116.619152, -20.473828 ], [ 116.588972, -20.500838 ], [ 116.566062, -20.485748 ], [ 116.609222, -20.453887 ], [ 116.606662, -20.467338 ], [ 116.619152, -20.473828 ] ] ] } },
{ "type": "Feature", "properties": { "row_number() OVER ()": 280 }, "geometry": { "type": "Polygon", "coordinates": [ [ [ 116.586122, -20.575539 ], [ 116.585083, -20.583829 ], [ 116.574182, -20.58625 ], [ 116.575902, -20.594709 ], [ 116.562552, -20.58653 ], [ 116.555012, -20.59006 ], [ 116.549921, -20.60476 ], [ 116.560741, -20.602939 ], [ 116.560861, -20.609339 ], [ 116.552761, -20.62089 ], [ 116.530061, -20.61545 ], [ 116.501421, -20.62154 ], [ 116.463222, -20.609611 ], [ 116.485902, -20.58514 ], [ 116.512871, -20.58266 ], [ 116.512692, -20.59463 ], [ 116.523752, -20.60114 ], [ 116.533102, -20.59816 ], [ 116.542451, -20.57295 ], [ 116.552262, -20.568389 ], [ 116.555462, -20.58543 ], [ 116.566212, -20.57601 ], [ 116.573562, -20.58309 ], [ 116.586122, -20.575539 ] ] ] } },
{ "type": "Feature", "properties": { "row_number() OVER ()": 281 }, "geometry": { "type": "Polygon", "coordinates": [ [ [ 116.505132, -35.027943 ], [ 116.49889, -35.036317 ], [ 116.49081, -35.03327 ], [ 116.505132, -35.027943 ] ] ] } },
{ "type": "Feature", "properties": { "row_number() OVER ()": 282 }, "geometry": { "type": "Polygon", "coordinates": [ [ [ 116.451572, -20.664521 ], [ 116.434102, -20.655321 ], [ 116.448522, -20.651661 ], [ 116.451572, -20.664521 ] ] ] } },
{ "type": "Feature", "properties": { "row_number() OVER ()": 283 }, "geometry": { "type": "Polygon", "coordinates": [ [ [ 116.248732, -20.813223 ], [ 116.247312, -20.818873 ], [ 116.242102, -20.803763 ], [ 116.248732, -20.813223 ] ] ] } },
{ "type": "Feature", "properties": { "row_number() OVER ()": 284 }, "geometry": { "type": "Polygon", "coordinates": [ [ [ 116.179151, -20.945226 ], [ 116.175971, -20.956346 ], [ 116.174191, -20.934856 ], [ 116.179151, -20.945226 ] ] ] } },
{ "type": "Feature", "properties": { "row_number() OVER ()": 285 }, "geometry": { "type": "Polygon", "coordinates": [ [ [ 116.157821, -20.937576 ], [ 116.152371, -20.948326 ], [ 116.147511, -20.934226 ], [ 116.157821, -20.937576 ] ] ] } },
{ "type": "Feature", "properties": { "row_number() OVER ()": 286 }, "geometry": { "type": "Polygon", "coordinates": [ [ [ 115.902311, -20.955348 ], [ 115.88163, -20.949709 ], [ 115.88511, -20.938648 ], [ 115.900861, -20.937628 ], [ 115.902311, -20.955348 ] ] ] } },
{ "type": "Feature", "properties": { "row_number() OVER ()": 287 }, "geometry": { "type": "Polygon", "coordinates": [ [ [ 115.700388, -32.22636 ], [ 115.686935, -32.232409 ], [ 115.700088, -32.244553 ], [ 115.680808, -32.244161 ], [ 115.660534, -32.156225 ], [ 115.674637, -32.165189 ], [ 115.683319, -32.205863 ], [ 115.700388, -32.22636 ] ] ] } },
{ "type": "Feature", "properties": { "row_number() OVER ()": 288 }, "geometry": { "type": "Polygon", "coordinates": [ [ [ 115.694669, -32.305286 ], [ 115.689953, -32.309051 ], [ 115.689832, -32.301809 ], [ 115.694669, -32.305286 ] ] ] } },
{ "type": "Feature", "properties": { "row_number() OVER ()": 289 }, "geometry": { "type": "Polygon", "coordinates": [ [ [ 115.585513, -20.403446 ], [ 115.579164, -20.409306 ], [ 115.582974, -20.420365 ], [ 115.577234, -20.419685 ], [ 115.570543, -20.401956 ], [ 115.546023, -20.381486 ], [ 115.559922, -20.378006 ], [ 115.566963, -20.393486 ], [ 115.585513, -20.403446 ] ] ] } },
{ "type": "Feature", "properties": { "row_number() OVER ()": 290 }, "geometry": { "type": "Polygon", "coordinates": [ [ [ 115.583248, -20.661117 ], [ 115.565858, -20.640997 ], [ 115.581458, -20.651297 ], [ 115.583248, -20.661117 ] ] ] } },
{ "type": "Feature", "properties": { "row_number() OVER ()": 291 }, "geometry": { "type": "Polygon", "coordinates": [ [ [ 115.558403, -32.003453 ], [ 115.551173, -32.012473 ], [ 115.531653, -32.014954 ], [ 115.527643, -32.027634 ], [ 115.507593, -32.012964 ], [ 115.449783, -32.026185 ], [ 115.456893, -32.015734 ], [ 115.477243, -32.013764 ], [ 115.511343, -31.987614 ], [ 115.539653, -31.988183 ], [ 115.545093, -32.000753 ], [ 115.558403, -32.003453 ] ] ] } },
{ "type": "Feature", "properties": { "row_number() OVER ()": 292 }, "geometry": { "type": "Polygon", "coordinates": [ [ [ 115.551205, -20.442445 ], [ 115.548445, -20.446994 ], [ 115.543165, -20.440365 ], [ 115.547655, -20.435316 ], [ 115.551205, -20.442445 ] ] ] } },
{ "type": "Feature", "properties": { "row_number() OVER ()": 293 }, "geometry": { "type": "Polygon", "coordinates": [ [ [ 115.549115, -20.432686 ], [ 115.543065, -20.436895 ], [ 115.543944, -20.415346 ], [ 115.549115, -20.432686 ] ] ] } },
{ "type": "Feature", "properties": { "row_number() OVER ()": 294 }, "geometry": { "type": "Polygon", "coordinates": [ [ [ 115.547284, -21.387085 ], [ 115.542674, -21.394745 ], [ 115.542614, -21.381985 ], [ 115.547284, -21.387085 ] ] ] } },
{ "type": "Feature", "properties": { "row_number() OVER ()": 295 }, "geometry": { "type": "Polygon", "coordinates": [ [ [ 115.531971, -20.478538 ], [ 115.534555, -20.466331 ], [ 115.539175, -20.470976 ], [ 115.533972, -20.477622 ], [ 115.541565, -20.474146 ], [ 115.532206, -20.486096 ], [ 115.536506, -20.491406 ], [ 115.530276, -20.490716 ], [ 115.535906, -20.492756 ], [ 115.532176, -20.504946 ], [ 115.525006, -20.493306 ], [ 115.521147, -20.506046 ], [ 115.517185, -20.441486 ], [ 115.530605, -20.440945 ], [ 115.524495, -20.437775 ], [ 115.533224, -20.413636 ], [ 115.531565, -20.430646 ], [ 115.537824, -20.422106 ], [ 115.539475, -20.433506 ], [ 115.533945, -20.445575 ], [ 115.543775, -20.443445 ], [ 115.545795, -20.454625 ], [ 115.540635, -20.467636 ], [ 115.534689, -20.465696 ], [ 115.538135, -20.449415 ], [ 115.525805, -20.447145 ], [ 115.533224, -20.451215 ], [ 115.531655, -20.457535 ], [ 115.524355, -20.454245 ], [ 115.529116, -20.470516 ], [ 115.521426, -20.483366 ], [ 115.531971, -20.478538 ] ] ] } },
{ "type": "Feature", "properties": { "row_number() OVER ()": 296 }, "geometry": { "type": "Polygon", "coordinates": [ [ [ 115.526096, -20.410539 ], [ 115.540844, -20.402356 ], [ 115.526464, -20.411026 ], [ 115.526096, -20.410539 ] ] ] } },
{ "type": "Feature", "properties": { "row_number() OVER ()": 297 }, "geometry": { "type": "Polygon", "coordinates": [ [ [ 115.539503, -20.371706 ], [ 115.512763, -20.364835 ], [ 115.517503, -20.358425 ], [ 115.532533, -20.361036 ], [ 115.539503, -20.371706 ] ] ] } },
{ "type": "Feature", "properties": { "row_number() OVER ()": 298 }, "geometry": { "type": "Polygon", "coordinates": [ [ [ 115.529804, -20.423036 ], [ 115.523554, -20.427775 ], [ 115.526214, -20.415766 ], [ 115.529804, -20.423036 ] ] ] } },
{ "type": "Feature", "properties": { "row_number() OVER ()": 299 }, "geometry": { "type": "Polygon", "coordinates": [ [ [ 115.525987, -20.399742 ], [ 115.517734, -20.401076 ], [ 115.520154, -20.389006 ], [ 115.525987, -20.399742 ] ] ] } },
{ "type": "Feature", "properties": { "row_number() OVER ()": 300 }, "geometry": { "type": "Polygon", "coordinates": [ [ [ 115.476919, -20.733548 ], [ 115.47093, -20.741349 ], [ 115.47591, -20.766069 ], [ 115.46919, -20.766989 ], [ 115.47065, -20.777599 ], [ 115.45353, -20.80562 ], [ 115.44758, -20.8022 ], [ 115.44745, -20.82889 ], [ 115.42452, -20.83807 ], [ 115.420731, -20.8637 ], [ 115.374991, -20.894811 ], [ 115.365461, -20.871111 ], [ 115.332781, -20.867751 ], [ 115.320411, -20.875101 ], [ 115.333751, -20.876111 ], [ 115.321031, -20.891581 ], [ 115.306821, -20.860441 ], [ 115.32154, -20.808271 ], [ 115.433089, -20.666898 ], [ 115.468679, -20.680238 ], [ 115.458339, -20.692378 ], [ 115.476919, -20.733548 ] ] ] } },
{ "type": "Feature", "properties": { "row_number() OVER ()": 301 }, "geometry": { "type": "Polygon", "coordinates": [ [ [ 115.465286, -21.493407 ], [ 115.437428, -21.528148 ], [ 115.420108, -21.520118 ], [ 115.435077, -21.503197 ], [ 115.465286, -21.493407 ] ] ] } },
{ "type": "Feature", "properties": { "row_number() OVER ()": 302 }, "geometry": { "type": "Polygon", "coordinates": [ [ [ 115.361458, -21.485118 ], [ 115.351067, -21.483258 ], [ 115.356037, -21.468328 ], [ 115.361458, -21.485118 ] ] ] } },
{ "type": "Feature", "properties": { "row_number() OVER ()": 303 }, "geometry": { "type": "Polygon", "coordinates": [ [ [ 115.337102, -20.966192 ], [ 115.324002, -20.973882 ], [ 115.316621, -20.948202 ], [ 115.337102, -20.966192 ] ] ] } },
{ "type": "Feature", "properties": { "row_number() OVER ()": 304 }, "geometry": { "type": "Polygon", "coordinates": [ [ [ 115.335951, -20.905681 ], [ 115.316531, -20.938272 ], [ 115.324671, -20.919921 ], [ 115.320791, -20.895991 ], [ 115.335951, -20.905681 ] ] ] } },
{ "type": "Feature", "properties": { "row_number() OVER ()": 305 }, "geometry": { "type": "Polygon", "coordinates": [ [ [ 115.248307, -21.568981 ], [ 115.212386, -21.599761 ], [ 115.229236, -21.569531 ], [ 115.248307, -21.568981 ] ] ] } },
{ "type": "Feature", "properties": { "row_number() OVER ()": 306 }, "geometry": { "type": "Polygon", "coordinates": [ [ [ 115.024964, -21.45828 ], [ 115.016784, -21.4652 ], [ 114.971534, -21.45938 ], [ 114.995974, -21.45083 ], [ 115.024964, -21.45828 ] ] ] } },
{ "type": "Feature", "properties": { "row_number() OVER ()": 307 }, "geometry": { "type": "Polygon", "coordinates": [ [ [ 114.766554, -21.522192 ], [ 114.766454, -21.528852 ], [ 114.757644, -21.528192 ], [ 114.766554, -21.522192 ] ] ] } },
{ "type": "Feature", "properties": { "row_number() OVER ()": 308 }, "geometry": { "type": "Polygon", "coordinates": [ [ [ 114.697414, -21.625864 ], [ 114.682334, -21.630744 ], [ 114.687744, -21.620234 ], [ 114.663904, -21.592164 ], [ 114.685544, -21.604994 ], [ 114.697414, -21.625864 ] ] ] } },
{ "type": "Feature", "properties": { "row_number() OVER ()": 309 }, "geometry": { "type": "Polygon", "coordinates": [ [ [ 114.582488, -21.9909 ], [ 114.570718, -22.000991 ], [ 114.566138, -21.986731 ], [ 114.579208, -21.9839 ], [ 114.582488, -21.9909 ] ] ] } },
{ "type": "Feature", "properties": { "row_number() OVER ()": 310 }, "geometry": { "type": "Polygon", "coordinates": [ [ [ 114.539751, -22.052841 ], [ 114.533689, -22.061613 ], [ 114.500758, -22.012392 ], [ 114.510348, -21.993762 ], [ 114.540818, -22.007431 ], [ 114.532308, -22.022862 ], [ 114.542278, -22.028422 ], [ 114.545549, -22.044452 ], [ 114.539967, -22.052529 ], [ 114.545549, -22.048512 ], [ 114.548459, -22.057203 ], [ 114.540339, -22.060033 ], [ 114.539751, -22.052841 ] ] ] } },
{ "type": "Feature", "properties": { "row_number() OVER ()": 311 }, "geometry": { "type": "Polygon", "coordinates": [ [ [ 114.491409, -22.118596 ], [ 114.4902, -22.135416 ], [ 114.484259, -22.135296 ], [ 114.491409, -22.118596 ] ] ] } },
{ "type": "Feature", "properties": { "row_number() OVER ()": 312 }, "geometry": { "type": "Polygon", "coordinates": [ [ [ 114.48995, -22.147037 ], [ 114.4891, -22.153137 ], [ 114.48268, -22.150307 ], [ 114.48995, -22.147037 ] ] ] } },
{ "type": "Feature", "properties": { "row_number() OVER ()": 313 }, "geometry": { "type": "Polygon", "coordinates": [ [ [ 114.392474, -21.628267 ], [ 114.369784, -21.651857 ], [ 114.358194, -21.651177 ], [ 114.375333, -21.628037 ], [ 114.392474, -21.628267 ] ] ] } },
{ "type": "Feature", "properties": { "row_number() OVER ()": 314 }, "geometry": { "type": "Polygon", "coordinates": [ [ [ 114.351554, -21.665957 ], [ 114.334524, -21.675208 ], [ 114.306014, -21.711648 ], [ 114.317614, -21.685588 ], [ 114.345634, -21.660427 ], [ 114.351554, -21.665957 ] ] ] } },
{ "type": "Feature", "properties": { "row_number() OVER ()": 315 }, "geometry": { "type": "Polygon", "coordinates": [ [ [ 114.188829, -22.422416 ], [ 114.181899, -22.423746 ], [ 114.181579, -22.410655 ], [ 114.188829, -22.422416 ] ] ] } },
{ "type": "Feature", "properties": { "row_number() OVER ()": 316 }, "geometry": { "type": "Polygon", "coordinates": [ [ [ 114.172859, -22.447197 ], [ 114.166589, -22.473808 ], [ 114.1476, -22.489439 ], [ 114.172859, -22.447197 ] ] ] } },
{ "type": "Feature", "properties": { "row_number() OVER ()": 317 }, "geometry": { "type": "Polygon", "coordinates": [ [ [ 114.005403, -28.90065 ], [ 113.967223, -28.938511 ], [ 113.957454, -28.967091 ], [ 113.962024, -28.985081 ], [ 113.954074, -28.977151 ], [ 113.966653, -28.932831 ], [ 114.005403, -28.90065 ] ] ] } },
{ "type": "Feature", "properties": { "row_number() OVER ()": 318 }, "geometry": { "type": "Polygon", "coordinates": [ [ [ 113.921806, -25.883864 ], [ 113.920576, -25.896384 ], [ 113.907856, -25.898194 ], [ 113.858346, -25.868224 ], [ 113.873556, -25.871034 ], [ 113.853716, -25.846234 ], [ 113.855826, -25.810704 ], [ 113.880736, -25.800773 ], [ 113.909406, -25.817443 ], [ 113.921806, -25.883864 ] ] ] } },
{ "type": "Feature", "properties": { "row_number() OVER ()": 319 }, "geometry": { "type": "Polygon", "coordinates": [ [ [ 113.878802, -26.029192 ], [ 113.837327, -26.002146 ], [ 113.857318, -26.006946 ], [ 113.852708, -26.009096 ], [ 113.878802, -26.029192 ] ] ] } },
{ "type": "Feature", "properties": { "row_number() OVER ()": 320 }, "geometry": { "type": "Polygon", "coordinates": [ [ [ 113.880375, -26.030403 ], [ 113.882768, -26.032246 ], [ 113.879468, -26.043006 ], [ 113.880375, -26.030403 ] ] ] } },
{ "type": "Feature", "properties": { "row_number() OVER ()": 321 }, "geometry": { "type": "Polygon", "coordinates": [ [ [ 113.87216, -26.064486 ], [ 113.871888, -26.064306 ], [ 113.877828, -26.048446 ], [ 113.87216, -26.064486 ] ] ] } },
{ "type": "Feature", "properties": { "row_number() OVER ()": 322 }, "geometry": { "type": "Polygon", "coordinates": [ [ [ 113.868412, -26.38413 ], [ 113.858452, -26.356419 ], [ 113.865251, -26.348729 ], [ 113.868412, -26.38413 ] ] ] } },
{ "type": "Feature", "properties": { "row_number() OVER ()": 323 }, "geometry": { "type": "Polygon", "coordinates": [ [ [ 113.787881, -28.71395 ], [ 113.784091, -28.72291 ], [ 113.779911, -28.70928 ], [ 113.787881, -28.71395 ] ] ] } },
{ "type": "Feature", "properties": { "row_number() OVER ()": 324 }, "geometry": { "type": "Polygon", "coordinates": [ [ [ 113.775116, -26.543621 ], [ 113.769866, -26.549051 ], [ 113.759405, -26.535202 ], [ 113.772445, -26.531451 ], [ 113.775116, -26.543621 ] ] ] } },
{ "type": "Feature", "properties": { "row_number() OVER ()": 325 }, "geometry": { "type": "Polygon", "coordinates": [ [ [ 113.74466, -28.426357 ], [ 113.73015, -28.443847 ], [ 113.71939, -28.445377 ], [ 113.71808, -28.430017 ], [ 113.74466, -28.426357 ] ] ] } },
{ "type": "Feature", "properties": { "row_number() OVER ()": 326 }, "geometry": { "type": "Polygon", "coordinates": [ [ [ 113.720956, -26.06162 ], [ 113.705277, -26.094241 ], [ 113.716946, -26.057681 ], [ 113.720956, -26.06162 ] ] ] } },
{ "type": "Feature", "properties": { "row_number() OVER ()": 327 }, "geometry": { "type": "Polygon", "coordinates": [ [ [ 113.70848, -28.462717 ], [ 113.69629, -28.469778 ], [ 113.6961, -28.483998 ], [ 113.68579, -28.485128 ], [ 113.68207, -28.454007 ], [ 113.70062, -28.440297 ], [ 113.70848, -28.462717 ] ] ] } },
{ "type": "Feature", "properties": { "row_number() OVER ()": 328 }, "geometry": { "type": "Polygon", "coordinates": [ [ [ 113.641118, -24.886206 ], [ 113.638364, -24.901785 ], [ 113.634714, -24.886565 ], [ 113.619694, -24.872405 ], [ 113.628374, -24.877555 ], [ 113.628463, -24.870905 ], [ 113.643794, -24.871075 ], [ 113.641268, -24.88536 ], [ 113.653384, -24.886265 ], [ 113.644383, -24.891154 ], [ 113.641118, -24.886206 ] ] ] } },
{ "type": "Feature", "properties": { "row_number() OVER ()": 329 }, "geometry": { "type": "Polygon", "coordinates": [ [ [ 113.603089, -28.297866 ], [ 113.598259, -28.307996 ], [ 113.588319, -28.300346 ], [ 113.594939, -28.289316 ], [ 113.603089, -28.297866 ] ] ] } },
{ "type": "Feature", "properties": { "row_number() OVER ()": 330 }, "geometry": { "type": "Polygon", "coordinates": [ [ [ 113.340322, -26.322034 ], [ 113.331982, -26.316854 ], [ 113.336912, -26.309703 ], [ 113.340322, -26.322034 ] ] ] } },
{ "type": "Feature", "properties": { "row_number() OVER ()": 331 }, "geometry": { "type": "Polygon", "coordinates": [ [ [ 113.2369, -26.104322 ], [ 113.22765, -26.105323 ], [ 113.23662, -26.118873 ], [ 113.22311, -26.125513 ], [ 113.22908, -26.143573 ], [ 113.21628, -26.162503 ], [ 113.20858, -26.134853 ], [ 113.18085, -26.122613 ], [ 113.157499, -26.055893 ], [ 113.135968, -26.022343 ], [ 113.048587, -25.931073 ], [ 113.022966, -25.860412 ], [ 112.967386, -25.783252 ], [ 112.976935, -25.773151 ], [ 112.979595, -25.749471 ], [ 112.942504, -25.65795 ], [ 112.929794, -25.6432 ], [ 112.921124, -25.58819 ], [ 112.928673, -25.526509 ], [ 112.970672, -25.480388 ], [ 112.986462, -25.497298 ], [ 113.022632, -25.498978 ], [ 113.005593, -25.535998 ], [ 113.009403, -25.561188 ], [ 113.038883, -25.618339 ], [ 113.054074, -25.69549 ], [ 113.071105, -25.72041 ], [ 113.063705, -25.72827 ], [ 113.076785, -25.76862 ], [ 113.097226, -25.78915 ], [ 113.114756, -25.838651 ], [ 113.109726, -25.867971 ], [ 113.121127, -25.880431 ], [ 113.156007, -25.887821 ], [ 113.126497, -25.922432 ], [ 113.136678, -25.977432 ], [ 113.151278, -25.976932 ], [ 113.157568, -25.968952 ], [ 113.150727, -25.941282 ], [ 113.168057, -25.943272 ], [ 113.166998, -25.979822 ], [ 113.203978, -26.003292 ], [ 113.202548, -26.027322 ], [ 113.210899, -26.038172 ], [ 113.219779, -26.036722 ], [ 113.219739, -26.058382 ], [ 113.2369, -26.104322 ] ] ] } },
{ "type": "Feature", "properties": { "row_number() OVER ()": 332 }, "geometry": { "type": "Polygon", "coordinates": [ [ [ 113.166282, -24.78089 ], [ 113.161353, -24.821071 ], [ 113.137763, -24.871071 ], [ 113.140994, -24.921172 ], [ 113.149784, -24.935052 ], [ 113.133574, -24.952212 ], [ 113.118985, -24.986862 ], [ 113.130594, -24.916552 ], [ 113.124404, -24.887552 ], [ 113.127983, -24.844101 ], [ 113.157122, -24.7546 ], [ 113.166282, -24.78089 ] ] ] } },
{ "type": "Feature", "properties": { "row_number() OVER ()": 333 }, "geometry": { "type": "Polygon", "coordinates": [ [ [ 113.128236, -25.060023 ], [ 113.110716, -25.106763 ], [ 113.104217, -25.174774 ], [ 113.091118, -25.187904 ], [ 113.088818, -25.237545 ], [ 113.076049, -25.273245 ], [ 113.069298, -25.231425 ], [ 113.087368, -25.192054 ], [ 113.094766, -25.121114 ], [ 113.087656, -25.069843 ], [ 113.101645, -25.032683 ], [ 113.116485, -25.016173 ], [ 113.118365, -24.992162 ], [ 113.124565, -25.012383 ], [ 113.117265, -25.031073 ], [ 113.128236, -25.060023 ] ] ] } }
]
}
